# cmd: /Users/mxferguson/dev/nsx_scripts/.venv/bin/python tools/nsx/export_nsx_objects.py --manager nsx-gm1 --base-dir /Users/mxferguson/dev/nsx_scripts/nsx_baseline/nsx-gm1.lab.local/20260915_174058/nsx_export --domain-id default --output-format yaml --all-domains --federation-global
# returncode: 0
# ---- stdout ----
{
  "manager": "nsx-gm1",
  "manager_host": "nsx-gm1.lab.local",
  "base_dir": "/Users/mxferguson/dev/nsx_scripts/nsx_baseline/nsx-gm1.lab.local/20260915_174058/nsx_export/nsx-gm1.lab.local",
  "skip_system_objects": true,
  "export_stats": {
    "default": {
      "groups": 13,
      "services": 4,
      "policies": 3,
      "skipped_groups_system": 0,
      "skipped_services_system": 409,
      "skipped_policies_system": 0,
      "skipped_rules_system": 0
    },
    "nsx-lm1.lab.local": {
      "groups": 0,
      "services": 4,
      "policies": 0,
      "skipped_groups_system": 0,
      "skipped_services_system": 409,
      "skipped_policies_system": 0,
      "skipped_rules_system": 0
    },
    "nsx-lm2.lab.local": {
      "groups": 0,
      "services": 4,
      "policies": 0,
      "skipped_groups_system": 0,
      "skipped_services_system": 409,
      "skipped_policies_system": 0,
      "skipped_rules_system": 0
    }
  },
  "object_counts": {
    "default": {
      "services_total": 4,
      "groups_total": 13,
      "policies_total": 3,
      "rules_total": 13
    },
    "nsx-lm1.lab.local": {
      "services_total": 4,
      "groups_total": 0,
      "policies_total": 0,
      "rules_total": 0
    },
    "nsx-lm2.lab.local": {
      "services_total": 4,
      "groups_total": 0,
      "policies_total": 0,
      "rules_total": 0
    }
  },
  "log_file": "/Users/mxferguson/dev/nsx_scripts/nsx_logs/export_nsx_objects_20260915_124059.log"
}

# ---- stderr ----
2026-09-15T17:40:59 UTC [INFO] __main__: Logging to /Users/mxferguson/dev/nsx_scripts/nsx_logs/export_nsx_objects_20260915_124059.log
2026-09-15T17:40:59 UTC [INFO] nsx.cli_bootstrap: Loaded .env: /Users/mxferguson/dev/nsx_scripts/.env (exists=True)
2026-09-15T17:40:59 UTC [INFO] root: Creating NSX session for manager: nsx-gm1.lab.local (federation_global=True)
2026-09-15T17:40:59 UTC [INFO] __main__: Enabled NSX GET throttling: 5.00 req/sec, min interval 0.200s
2026-09-15T17:40:59 UTC [INFO] __main__: Starting NSX export
2026-09-15T17:40:59 UTC [INFO] __main__: Manager alias: nsx-gm1
2026-09-15T17:40:59 UTC [INFO] __main__: Manager host: nsx-gm1.lab.local
2026-09-15T17:40:59 UTC [INFO] __main__: Federation global: True
2026-09-15T17:40:59 UTC [INFO] __main__: Base dir: /Users/mxferguson/dev/nsx_scripts/nsx_baseline/nsx-gm1.lab.local/20260915_174058/nsx_export/nsx-gm1.lab.local
2026-09-15T17:40:59 UTC [INFO] __main__: Output format: yaml
2026-09-15T17:40:59 UTC [INFO] __main__: Skip system objects: True
2026-09-15T17:40:59 UTC [INFO] __main__: Throttle: 5.00 req/sec GET
2026-09-15T17:40:59 UTC [INFO] __main__: GET /global-manager/api/v1/global-infra/domains
2026-09-15T17:40:59 UTC [INFO] __main__: Discovered domains: ['default', 'nsx-lm1.lab.local', 'nsx-lm2.lab.local']
2026-09-15T17:40:59 UTC [INFO] __main__: Exporting domain: default
2026-09-15T17:40:59 UTC [INFO] __main__: GET /global-manager/api/v1/global-infra/domains/default/groups
2026-09-15T17:40:59 UTC [INFO] __main__: GET /global-manager/api/v1/global-infra/services
2026-09-15T17:40:59 UTC [INFO] nsx.nsx_object_functions.nsx_object_exporter: Skipping system/deleted service: AD_Server
2026-09-15T17:40:59 UTC [INFO] nsx.nsx_object_functions.nsx_object_exporter: Skipping system/deleted service: Active_Directory_Server
2026-09-15T17:40:59 UTC [INFO] nsx.nsx_object_functions.nsx_object_exporter: Skipping system/deleted service: Active_Directory_Server_UDP
2026-09-15T17:40:59 UTC [INFO] nsx.nsx_object_functions.nsx_object_exporter: Skipping system/deleted service: CIM-HTTP
2026-09-15T17:40:59 UTC [INFO] nsx.nsx_object_functions.nsx_object_exporter: Skipping system/deleted service: CIM-HTTPS
2026-09-15T17:40:59 UTC [INFO] nsx.nsx_object_functions.nsx_object_exporter: Skipping system/deleted service: DCM_Java_Object_Cache_port
2026-09-15T17:40:59 UTC [INFO] nsx.nsx_object_functions.nsx_object_exporter: Skipping system/deleted service: DHCP,_MADCAP
2026-09-15T17:40:59 UTC [INFO] nsx.nsx_object_functions.nsx_object_exporter: Skipping system/deleted service: DHCP-Client
2026-09-15T17:40:59 UTC [INFO] nsx.nsx_object_functions.nsx_object_exporter: Skipping system/deleted service: DHCP-Server
2026-09-15T17:40:59 UTC [INFO] nsx.nsx_object_functions.nsx_object_exporter: Skipping system/deleted service: DHCPv6_Client
2026-09-15T17:40:59 UTC [INFO] nsx.nsx_object_functions.nsx_object_exporter: Skipping system/deleted service: DHCPv6_Server
2026-09-15T17:40:59 UTC [INFO] nsx.nsx_object_functions.nsx_object_exporter: Skipping system/deleted service: DNS
2026-09-15T17:40:59 UTC [INFO] nsx.nsx_object_functions.nsx_object_exporter: Skipping system/deleted service: DNS-UDP
2026-09-15T17:40:59 UTC [INFO] nsx.nsx_object_functions.nsx_object_exporter: Skipping system/deleted service: Data_Recovery_Appliance
2026-09-15T17:40:59 UTC [INFO] nsx.nsx_object_functions.nsx_object_exporter: Skipping system/deleted service: Directory_Services
2026-09-15T17:40:59 UTC [INFO] nsx.nsx_object_functions.nsx_object_exporter: Skipping system/deleted service: ESXi_Syslog_Collector
2026-09-15T17:40:59 UTC [INFO] nsx.nsx_object_functions.nsx_object_exporter: Skipping system/deleted service: EdgeSync_service
2026-09-15T17:40:59 UTC [INFO] nsx.nsx_object_functions.nsx_object_exporter: Skipping system/deleted service: EdgeSync_service-ADAM
2026-09-15T17:40:59 UTC [INFO] nsx.nsx_object_functions.nsx_object_exporter: Skipping system/deleted service: Enterprise_Manager_RMI_port
2026-09-15T17:40:59 UTC [INFO] nsx.nsx_object_functions.nsx_object_exporter: Skipping system/deleted service: Enterprise_Manager_Reporting_port
2026-09-15T17:40:59 UTC [INFO] nsx.nsx_object_functions.nsx_object_exporter: Skipping system/deleted service: Enterprise_Manager_Servlet_port_SSL
2026-09-15T17:40:59 UTC [INFO] nsx.nsx_object_functions.nsx_object_exporter: Skipping system/deleted service: Enterprise_ManagerAgent_port
2026-09-15T17:40:59 UTC [INFO] nsx.nsx_object_functions.nsx_object_exporter: Skipping system/deleted service: Exchange_ActiveSync
2026-09-15T17:40:59 UTC [INFO] nsx.nsx_object_functions.nsx_object_exporter: Skipping system/deleted service: FTP
2026-09-15T17:40:59 UTC [INFO] nsx.nsx_object_functions.nsx_object_exporter: Skipping system/deleted service: For_X.400_connections_over_TCP
2026-09-15T17:40:59 UTC [INFO] nsx.nsx_object_functions.nsx_object_exporter: Skipping system/deleted service: H323_Call_Signaling
2026-09-15T17:40:59 UTC [INFO] nsx.nsx_object_functions.nsx_object_exporter: Skipping system/deleted service: H323_Gatekeeper_Discovery
2026-09-15T17:40:59 UTC [INFO] nsx.nsx_object_functions.nsx_object_exporter: Skipping system/deleted service: HBR_Server_App
2026-09-15T17:40:59 UTC [INFO] nsx.nsx_object_functions.nsx_object_exporter: Skipping system/deleted service: HTTP
2026-09-15T17:40:59 UTC [INFO] nsx.nsx_object_functions.nsx_object_exporter: Skipping system/deleted service: HTTPS
2026-09-15T17:40:59 UTC [INFO] nsx.nsx_object_functions.nsx_object_exporter: Skipping system/deleted service: HTTPS,_net.tcp_binding
2026-09-15T17:40:59 UTC [INFO] nsx.nsx_object_functions.nsx_object_exporter: Skipping system/deleted service: Heartbeat
2026-09-15T17:40:59 UTC [INFO] nsx.nsx_object_functions.nsx_object_exporter: Skipping system/deleted service: IBM_DB2
2026-09-15T17:40:59 UTC [INFO] nsx.nsx_object_functions.nsx_object_exporter: Skipping system/deleted service: ICMP-ALL
2026-09-15T17:40:59 UTC [INFO] nsx.nsx_object_functions.nsx_object_exporter: Skipping system/deleted service: ICMP_Destination_Unreachable
2026-09-15T17:40:59 UTC [INFO] nsx.nsx_object_functions.nsx_object_exporter: Skipping system/deleted service: ICMP_Echo_Reply
2026-09-15T17:40:59 UTC [INFO] nsx.nsx_object_functions.nsx_object_exporter: Skipping system/deleted service: ICMP_Echo_Request
2026-09-15T17:40:59 UTC [INFO] nsx.nsx_object_functions.nsx_object_exporter: Skipping system/deleted service: ICMP_Redirect
2026-09-15T17:40:59 UTC [INFO] nsx.nsx_object_functions.nsx_object_exporter: Skipping system/deleted service: ICMP_Router_Advertisement
2026-09-15T17:40:59 UTC [INFO] nsx.nsx_object_functions.nsx_object_exporter: Skipping system/deleted service: ICMP_Router_Solicitation
2026-09-15T17:40:59 UTC [INFO] nsx.nsx_object_functions.nsx_object_exporter: Skipping system/deleted service: ICMP_Source_Quench
2026-09-15T17:40:59 UTC [INFO] nsx.nsx_object_functions.nsx_object_exporter: Skipping system/deleted service: ICMP_Time_Exceeded
2026-09-15T17:40:59 UTC [INFO] nsx.nsx_object_functions.nsx_object_exporter: Skipping system/deleted service: ICMPv4-ALL
2026-09-15T17:40:59 UTC [INFO] nsx.nsx_object_functions.nsx_object_exporter: Skipping system/deleted service: ICMPv6-ALL
2026-09-15T17:40:59 UTC [INFO] nsx.nsx_object_functions.nsx_object_exporter: Skipping system/deleted service: IGMP_Leave_Group
2026-09-15T17:40:59 UTC [INFO] nsx.nsx_object_functions.nsx_object_exporter: Skipping system/deleted service: IGMP_Membership_Query
2026-09-15T17:40:59 UTC [INFO] nsx.nsx_object_functions.nsx_object_exporter: Skipping system/deleted service: IGMP_V2_Membership_Report
2026-09-15T17:40:59 UTC [INFO] nsx.nsx_object_functions.nsx_object_exporter: Skipping system/deleted service: IGMP_V3_Membership_Report
2026-09-15T17:40:59 UTC [INFO] nsx.nsx_object_functions.nsx_object_exporter: Skipping system/deleted service: IKE_(Key_Exchange)
2026-09-15T17:40:59 UTC [INFO] nsx.nsx_object_functions.nsx_object_exporter: Skipping system/deleted service: IKE_(NAT_Traversal)
2026-09-15T17:40:59 UTC [INFO] nsx.nsx_object_functions.nsx_object_exporter: Skipping system/deleted service: IMAP
2026-09-15T17:40:59 UTC [INFO] nsx.nsx_object_functions.nsx_object_exporter: Skipping system/deleted service: IMAP_SSL
2026-09-15T17:40:59 UTC [INFO] nsx.nsx_object_functions.nsx_object_exporter: Skipping system/deleted service: IPv6-ICMP_Destination_Unreachable
2026-09-15T17:40:59 UTC [INFO] nsx.nsx_object_functions.nsx_object_exporter: Skipping system/deleted service: IPv6-ICMP_Echo_Reply
2026-09-15T17:40:59 UTC [INFO] nsx.nsx_object_functions.nsx_object_exporter: Skipping system/deleted service: IPv6-ICMP_Echo_Request
2026-09-15T17:40:59 UTC [INFO] nsx.nsx_object_functions.nsx_object_exporter: Skipping system/deleted service: IPv6-ICMP_Multicast_Listener_Done
2026-09-15T17:40:59 UTC [INFO] nsx.nsx_object_functions.nsx_object_exporter: Skipping system/deleted service: IPv6-ICMP_Multicast_Listener_Query
2026-09-15T17:40:59 UTC [INFO] nsx.nsx_object_functions.nsx_object_exporter: Skipping system/deleted service: IPv6-ICMP_Multicast_Listener_Report
2026-09-15T17:40:59 UTC [INFO] nsx.nsx_object_functions.nsx_object_exporter: Skipping system/deleted service: IPv6-ICMP_Neighbor_Advertisement
2026-09-15T17:40:59 UTC [INFO] nsx.nsx_object_functions.nsx_object_exporter: Skipping system/deleted service: IPv6-ICMP_Neighbor_Solicitation
2026-09-15T17:40:59 UTC [INFO] nsx.nsx_object_functions.nsx_object_exporter: Skipping system/deleted service: IPv6-ICMP_Packet_Too_Big
2026-09-15T17:40:59 UTC [INFO] nsx.nsx_object_functions.nsx_object_exporter: Skipping system/deleted service: IPv6-ICMP_Parameter_Problem
2026-09-15T17:40:59 UTC [INFO] nsx.nsx_object_functions.nsx_object_exporter: Skipping system/deleted service: IPv6-ICMP_Time_Exceeded
2026-09-15T17:40:59 UTC [INFO] nsx.nsx_object_functions.nsx_object_exporter: Skipping system/deleted service: IPv6-ICMP_Version_2_Multicast_Listener
2026-09-15T17:40:59 UTC [INFO] nsx.nsx_object_functions.nsx_object_exporter: Skipping system/deleted service: ISAKMP
2026-09-15T17:40:59 UTC [INFO] nsx.nsx_object_functions.nsx_object_exporter: Skipping system/deleted service: Java_Object_Cache_port
2026-09-15T17:40:59 UTC [INFO] nsx.nsx_object_functions.nsx_object_exporter: Skipping system/deleted service: KERBEROS
2026-09-15T17:40:59 UTC [INFO] nsx.nsx_object_functions.nsx_object_exporter: Skipping system/deleted service: KERBEROS-TCP
2026-09-15T17:40:59 UTC [INFO] nsx.nsx_object_functions.nsx_object_exporter: Skipping system/deleted service: KERBEROS-UDP
2026-09-15T17:40:59 UTC [INFO] nsx.nsx_object_functions.nsx_object_exporter: Skipping system/deleted service: LDAP
2026-09-15T17:40:59 UTC [INFO] nsx.nsx_object_functions.nsx_object_exporter: Skipping system/deleted service: LDAP_Global_Catalog
2026-09-15T17:40:59 UTC [INFO] nsx.nsx_object_functions.nsx_object_exporter: Skipping system/deleted service: LDAP-UDP
2026-09-15T17:40:59 UTC [INFO] nsx.nsx_object_functions.nsx_object_exporter: Skipping system/deleted service: LDAP-over-SSL
2026-09-15T17:40:59 UTC [INFO] nsx.nsx_object_functions.nsx_object_exporter: Skipping system/deleted service: LDAP-over-SSL-UDP
2026-09-15T17:40:59 UTC [INFO] nsx.nsx_object_functions.nsx_object_exporter: Skipping system/deleted service: Log_Loader
2026-09-15T17:40:59 UTC [INFO] nsx.nsx_object_functions.nsx_object_exporter: Skipping system/deleted service: MGCP_(TCP)
2026-09-15T17:40:59 UTC [INFO] nsx.nsx_object_functions.nsx_object_exporter: Skipping system/deleted service: MGCP_(UDP)
2026-09-15T17:40:59 UTC [INFO] nsx.nsx_object_functions.nsx_object_exporter: Skipping system/deleted service: MS_Customizable
2026-09-15T17:40:59 UTC [INFO] nsx.nsx_object_functions.nsx_object_exporter: Skipping system/deleted service: MS_Exchange_2007_Client_Access_Server
2026-09-15T17:40:59 UTC [INFO] nsx.nsx_object_functions.nsx_object_exporter: Skipping system/deleted service: MS_Exchange_2007_Mailbox_Servers
2026-09-15T17:40:59 UTC [INFO] nsx.nsx_object_functions.nsx_object_exporter: Skipping system/deleted service: MS_Exchange_2007_Transport_Servers
2026-09-15T17:40:59 UTC [INFO] nsx.nsx_object_functions.nsx_object_exporter: Skipping system/deleted service: MS_Exchange_2007_Unified_Messaging_Centre
2026-09-15T17:40:59 UTC [INFO] nsx.nsx_object_functions.nsx_object_exporter: Skipping system/deleted service: MS_Exchange_2010_Client_Access_Servers
2026-09-15T17:40:59 UTC [INFO] nsx.nsx_object_functions.nsx_object_exporter: Skipping system/deleted service: MS_Exchange_2010_Mailbox_Servers
2026-09-15T17:40:59 UTC [INFO] nsx.nsx_object_functions.nsx_object_exporter: Skipping system/deleted service: MS_Exchange_2010_Transport_Servers
2026-09-15T17:40:59 UTC [INFO] nsx.nsx_object_functions.nsx_object_exporter: Skipping system/deleted service: MS_Exchange_2010_Unified_Messaging_Server
2026-09-15T17:40:59 UTC [INFO] nsx.nsx_object_functions.nsx_object_exporter: Skipping system/deleted service: MS_Replication_service
2026-09-15T17:40:59 UTC [INFO] nsx.nsx_object_functions.nsx_object_exporter: Skipping system/deleted service: MS_Unified_Messaging_server
2026-09-15T17:40:59 UTC [INFO] nsx.nsx_object_functions.nsx_object_exporter: Skipping system/deleted service: MS_Unified_Messaging_server_-_Client_Access
2026-09-15T17:40:59 UTC [INFO] nsx.nsx_object_functions.nsx_object_exporter: Skipping system/deleted service: MS_Unified_Messaging_server-Phone
2026-09-15T17:40:59 UTC [INFO] nsx.nsx_object_functions.nsx_object_exporter: Skipping system/deleted service: MS-DS
2026-09-15T17:40:59 UTC [INFO] nsx.nsx_object_functions.nsx_object_exporter: Skipping system/deleted service: MS-DS-TCP
2026-09-15T17:40:59 UTC [INFO] nsx.nsx_object_functions.nsx_object_exporter: Skipping system/deleted service: MS-DS-UDP
2026-09-15T17:40:59 UTC [INFO] nsx.nsx_object_functions.nsx_object_exporter: Skipping system/deleted service: MS-SQL-M
2026-09-15T17:40:59 UTC [INFO] nsx.nsx_object_functions.nsx_object_exporter: Skipping system/deleted service: MS-SQL-M-TCP
2026-09-15T17:40:59 UTC [INFO] nsx.nsx_object_functions.nsx_object_exporter: Skipping system/deleted service: MS-SQL-S
2026-09-15T17:40:59 UTC [INFO] nsx.nsx_object_functions.nsx_object_exporter: Skipping system/deleted service: MSN_(TCP)
2026-09-15T17:40:59 UTC [INFO] nsx.nsx_object_functions.nsx_object_exporter: Skipping system/deleted service: MSN_(UDP)
2026-09-15T17:40:59 UTC [INFO] nsx.nsx_object_functions.nsx_object_exporter: Skipping system/deleted service: MSSQL_Integration_Services
2026-09-15T17:40:59 UTC [INFO] nsx.nsx_object_functions.nsx_object_exporter: Skipping system/deleted service: MSSQL_Reporting_Services
2026-09-15T17:40:59 UTC [INFO] nsx.nsx_object_functions.nsx_object_exporter: Skipping system/deleted service: MSSQL_Server_Analysis_Services
2026-09-15T17:40:59 UTC [INFO] nsx.nsx_object_functions.nsx_object_exporter: Skipping system/deleted service: MSSQL_Server_Database_Engine
2026-09-15T17:40:59 UTC [INFO] nsx.nsx_object_functions.nsx_object_exporter: Skipping system/deleted service: MS_RPC_TCP
2026-09-15T17:40:59 UTC [INFO] nsx.nsx_object_functions.nsx_object_exporter: Skipping system/deleted service: MS_RPC_UDP
2026-09-15T17:40:59 UTC [INFO] nsx.nsx_object_functions.nsx_object_exporter: Skipping system/deleted service: Microsoft_Active_Directory_V1
2026-09-15T17:40:59 UTC [INFO] nsx.nsx_object_functions.nsx_object_exporter: Skipping system/deleted service: Microsoft_Exchange_2003
2026-09-15T17:40:59 UTC [INFO] nsx.nsx_object_functions.nsx_object_exporter: Skipping system/deleted service: Microsoft_Exchange_2007
2026-09-15T17:40:59 UTC [INFO] nsx.nsx_object_functions.nsx_object_exporter: Skipping system/deleted service: Microsoft_Exchange_2010
2026-09-15T17:40:59 UTC [INFO] nsx.nsx_object_functions.nsx_object_exporter: Skipping system/deleted service: Microsoft_Media_Server_(TCP)
2026-09-15T17:40:59 UTC [INFO] nsx.nsx_object_functions.nsx_object_exporter: Skipping system/deleted service: Microsoft_Media_Server_(UDP)
2026-09-15T17:40:59 UTC [INFO] nsx.nsx_object_functions.nsx_object_exporter: Skipping system/deleted service: Microsoft_SQL_Server
2026-09-15T17:40:59 UTC [INFO] nsx.nsx_object_functions.nsx_object_exporter: Skipping system/deleted service: MySQL
2026-09-15T17:40:59 UTC [INFO] nsx.nsx_object_functions.nsx_object_exporter: Skipping system/deleted service: NBDG-Broadcast-V1
2026-09-15T17:40:59 UTC [INFO] nsx.nsx_object_functions.nsx_object_exporter: Skipping system/deleted service: NBNS-Broadcast-V1
2026-09-15T17:40:59 UTC [INFO] nsx.nsx_object_functions.nsx_object_exporter: Skipping system/deleted service: NFS_(TCP)
2026-09-15T17:40:59 UTC [INFO] nsx.nsx_object_functions.nsx_object_exporter: Skipping system/deleted service: NFS_(UDP)
2026-09-15T17:40:59 UTC [INFO] nsx.nsx_object_functions.nsx_object_exporter: Skipping system/deleted service: NFS_Client
2026-09-15T17:40:59 UTC [INFO] nsx.nsx_object_functions.nsx_object_exporter: Skipping system/deleted service: NFS_Client_UDP
2026-09-15T17:40:59 UTC [INFO] nsx.nsx_object_functions.nsx_object_exporter: Skipping system/deleted service: NFS-Server-TCP
2026-09-15T17:40:59 UTC [INFO] nsx.nsx_object_functions.nsx_object_exporter: Skipping system/deleted service: NFS-Server-UDP
2026-09-15T17:40:59 UTC [INFO] nsx.nsx_object_functions.nsx_object_exporter: Skipping system/deleted service: NNTP
2026-09-15T17:40:59 UTC [INFO] nsx.nsx_object_functions.nsx_object_exporter: Skipping system/deleted service: NNTP_SSL
2026-09-15T17:40:59 UTC [INFO] nsx.nsx_object_functions.nsx_object_exporter: Skipping system/deleted service: NTP
2026-09-15T17:40:59 UTC [INFO] nsx.nsx_object_functions.nsx_object_exporter: Skipping system/deleted service: NTP_Time_Server
2026-09-15T17:40:59 UTC [INFO] nsx.nsx_object_functions.nsx_object_exporter: Skipping system/deleted service: NetBios_Datagram_(TCP)
2026-09-15T17:40:59 UTC [INFO] nsx.nsx_object_functions.nsx_object_exporter: Skipping system/deleted service: NetBios_Datagram_(UDP)
2026-09-15T17:40:59 UTC [INFO] nsx.nsx_object_functions.nsx_object_exporter: Skipping system/deleted service: NetBios_Name_Service_(TCP)
2026-09-15T17:40:59 UTC [INFO] nsx.nsx_object_functions.nsx_object_exporter: Skipping system/deleted service: NetBios_Name_Service_(UDP)
2026-09-15T17:40:59 UTC [INFO] nsx.nsx_object_functions.nsx_object_exporter: Skipping system/deleted service: NetBios_Session_Service_(TCP)
2026-09-15T17:40:59 UTC [INFO] nsx.nsx_object_functions.nsx_object_exporter: Skipping system/deleted service: NetBios_Session_Service_(UDP)
2026-09-15T17:40:59 UTC [INFO] nsx.nsx_object_functions.nsx_object_exporter: Skipping system/deleted service: OC4J_Forms_-_Reports_Instance
2026-09-15T17:40:59 UTC [INFO] nsx.nsx_object_functions.nsx_object_exporter: Skipping system/deleted service: OC4J_Forms_-_Reports_Instance_(8889)
2026-09-15T17:40:59 UTC [INFO] nsx.nsx_object_functions.nsx_object_exporter: Skipping system/deleted service: ORACLE-FORM-SERVICES
2026-09-15T17:40:59 UTC [INFO] nsx.nsx_object_functions.nsx_object_exporter: Skipping system/deleted service: ORACLE-HTTP
2026-09-15T17:40:59 UTC [INFO] nsx.nsx_object_functions.nsx_object_exporter: Skipping system/deleted service: ORACLE-XDB-FTP
2026-09-15T17:40:59 UTC [INFO] nsx.nsx_object_functions.nsx_object_exporter: Skipping system/deleted service: ORACLE_TNS
2026-09-15T17:40:59 UTC [INFO] nsx.nsx_object_functions.nsx_object_exporter: Skipping system/deleted service: OS_Agent
2026-09-15T17:40:59 UTC [INFO] nsx.nsx_object_functions.nsx_object_exporter: Skipping system/deleted service: Office_Server_Web_Services,_HTTP,_SSL
2026-09-15T17:40:59 UTC [INFO] nsx.nsx_object_functions.nsx_object_exporter: Skipping system/deleted service: Office_communication_server
2026-09-15T17:40:59 UTC [INFO] nsx.nsx_object_functions.nsx_object_exporter: Skipping system/deleted service: Oracle
2026-09-15T17:40:59 UTC [INFO] nsx.nsx_object_functions.nsx_object_exporter: Skipping system/deleted service: Oracle_Application_Server
2026-09-15T17:40:59 UTC [INFO] nsx.nsx_object_functions.nsx_object_exporter: Skipping system/deleted service: Oracle_Connection_Manager_(CMAN)
2026-09-15T17:40:59 UTC [INFO] nsx.nsx_object_functions.nsx_object_exporter: Skipping system/deleted service: Oracle_Connection_Manager_Admin_(CMAN)
2026-09-15T17:40:59 UTC [INFO] nsx.nsx_object_functions.nsx_object_exporter: Skipping system/deleted service: Oracle_Database
2026-09-15T17:40:59 UTC [INFO] nsx.nsx_object_functions.nsx_object_exporter: Skipping system/deleted service: Oracle_Enterprise_Manager
2026-09-15T17:40:59 UTC [INFO] nsx.nsx_object_functions.nsx_object_exporter: Skipping system/deleted service: Oracle_Enterprise_Manager_Web
2026-09-15T17:40:59 UTC [INFO] nsx.nsx_object_functions.nsx_object_exporter: Skipping system/deleted service: Oracle_Enterprise_Manager_Web_Console
2026-09-15T17:40:59 UTC [INFO] nsx.nsx_object_functions.nsx_object_exporter: Skipping system/deleted service: Oracle_Forms_Server_6_-_6i
2026-09-15T17:40:59 UTC [INFO] nsx.nsx_object_functions.nsx_object_exporter: Skipping system/deleted service: Oracle_GIOP_IIOP
2026-09-15T17:40:59 UTC [INFO] nsx.nsx_object_functions.nsx_object_exporter: Skipping system/deleted service: Oracle_GIOP_IIOP_for_SSL
2026-09-15T17:40:59 UTC [INFO] nsx.nsx_object_functions.nsx_object_exporter: Skipping system/deleted service: Oracle_HTTP_Server_Diagnostic_Port
2026-09-15T17:40:59 UTC [INFO] nsx.nsx_object_functions.nsx_object_exporter: Skipping system/deleted service: Oracle_HTTP_Server_Jserv_port
2026-09-15T17:40:59 UTC [INFO] nsx.nsx_object_functions.nsx_object_exporter: Skipping system/deleted service: Oracle_HTTP_Server_Port_Tunneling
2026-09-15T17:40:59 UTC [INFO] nsx.nsx_object_functions.nsx_object_exporter: Skipping system/deleted service: Oracle_HTTP_Server_SSL_port
2026-09-15T17:40:59 UTC [INFO] nsx.nsx_object_functions.nsx_object_exporter: Skipping system/deleted service: Oracle_HTTP_Server_listen_port
2026-09-15T17:40:59 UTC [INFO] nsx.nsx_object_functions.nsx_object_exporter: Skipping system/deleted service: Oracle_HTTP_Server_port
2026-09-15T17:40:59 UTC [INFO] nsx.nsx_object_functions.nsx_object_exporter: Skipping system/deleted service: Oracle_Intelligent_Agent_(1748)
2026-09-15T17:40:59 UTC [INFO] nsx.nsx_object_functions.nsx_object_exporter: Skipping system/deleted service: Oracle_Intelligent_Agent_(1754)
2026-09-15T17:40:59 UTC [INFO] nsx.nsx_object_functions.nsx_object_exporter: Skipping system/deleted service: Oracle_Intelligent_Agent_(1808)
2026-09-15T17:40:59 UTC [INFO] nsx.nsx_object_functions.nsx_object_exporter: Skipping system/deleted service: Oracle_Intelligent_Agent_(1809)
2026-09-15T17:40:59 UTC [INFO] nsx.nsx_object_functions.nsx_object_exporter: Skipping system/deleted service: Oracle_Internet_Directory(SSL)
2026-09-15T17:40:59 UTC [INFO] nsx.nsx_object_functions.nsx_object_exporter: Skipping system/deleted service: Oracle_Internet_Directory(SSL,_4031)
2026-09-15T17:40:59 UTC [INFO] nsx.nsx_object_functions.nsx_object_exporter: Skipping system/deleted service: Oracle_Internet_Directory(non-SSL)
2026-09-15T17:40:59 UTC [INFO] nsx.nsx_object_functions.nsx_object_exporter: Skipping system/deleted service: Oracle_Internet_Directory(non-SSL,_4032)
2026-09-15T17:40:59 UTC [INFO] nsx.nsx_object_functions.nsx_object_exporter: Skipping system/deleted service: Oracle_JDBC_for_Rdb_Thin_Server
2026-09-15T17:40:59 UTC [INFO] nsx.nsx_object_functions.nsx_object_exporter: Skipping system/deleted service: Oracle_Names
2026-09-15T17:40:59 UTC [INFO] nsx.nsx_object_functions.nsx_object_exporter: Skipping system/deleted service: Oracle_Net_Listener
2026-09-15T17:40:59 UTC [INFO] nsx.nsx_object_functions.nsx_object_exporter: Skipping system/deleted service: Oracle_Net_Listener_-_Enterprise_Manager_Repository_port
2026-09-15T17:40:59 UTC [INFO] nsx.nsx_object_functions.nsx_object_exporter: Skipping system/deleted service: Oracle_Notification_Service_local_port
2026-09-15T17:40:59 UTC [INFO] nsx.nsx_object_functions.nsx_object_exporter: Skipping system/deleted service: Oracle_Notification_Service_remote_port
2026-09-15T17:40:59 UTC [INFO] nsx.nsx_object_functions.nsx_object_exporter: Skipping system/deleted service: Oracle_Notification_Service_request_port
2026-09-15T17:40:59 UTC [INFO] nsx.nsx_object_functions.nsx_object_exporter: Skipping system/deleted service: Oracle_OC4J_AJP
2026-09-15T17:40:59 UTC [INFO] nsx.nsx_object_functions.nsx_object_exporter: Skipping system/deleted service: Oracle_OC4J_IIOP
2026-09-15T17:40:59 UTC [INFO] nsx.nsx_object_functions.nsx_object_exporter: Skipping system/deleted service: Oracle_OC4J_IIOPS1
2026-09-15T17:40:59 UTC [INFO] nsx.nsx_object_functions.nsx_object_exporter: Skipping system/deleted service: Oracle_OC4J_IIOPS2
2026-09-15T17:40:59 UTC [INFO] nsx.nsx_object_functions.nsx_object_exporter: Skipping system/deleted service: Oracle_OC4J_JMS
2026-09-15T17:40:59 UTC [INFO] nsx.nsx_object_functions.nsx_object_exporter: Skipping system/deleted service: Oracle_OC4J_RMI
2026-09-15T17:40:59 UTC [INFO] nsx.nsx_object_functions.nsx_object_exporter: Skipping system/deleted service: Oracle_Rdb
2026-09-15T17:40:59 UTC [INFO] nsx.nsx_object_functions.nsx_object_exporter: Skipping system/deleted service: Oracle_SOAP_Server
2026-09-15T17:40:59 UTC [INFO] nsx.nsx_object_functions.nsx_object_exporter: Skipping system/deleted service: Oracle_Times_Ten
2026-09-15T17:40:59 UTC [INFO] nsx.nsx_object_functions.nsx_object_exporter: Skipping system/deleted service: Oracle_Times_Ten_(15000)
2026-09-15T17:40:59 UTC [INFO] nsx.nsx_object_functions.nsx_object_exporter: Skipping system/deleted service: Oracle_Times_Ten_(15002)
2026-09-15T17:40:59 UTC [INFO] nsx.nsx_object_functions.nsx_object_exporter: Skipping system/deleted service: Oracle_Times_Ten_(15004)
2026-09-15T17:40:59 UTC [INFO] nsx.nsx_object_functions.nsx_object_exporter: Skipping system/deleted service: Oracle_TimesTen
2026-09-15T17:40:59 UTC [INFO] nsx.nsx_object_functions.nsx_object_exporter: Skipping system/deleted service: Oracle_TimesTen_(4758)
2026-09-15T17:40:59 UTC [INFO] nsx.nsx_object_functions.nsx_object_exporter: Skipping system/deleted service: Oracle_TimesTen_(4759)
2026-09-15T17:40:59 UTC [INFO] nsx.nsx_object_functions.nsx_object_exporter: Skipping system/deleted service: Oracle_TimesTen_(4761)
2026-09-15T17:40:59 UTC [INFO] nsx.nsx_object_functions.nsx_object_exporter: Skipping system/deleted service: Oracle_TimesTen_(4764)
2026-09-15T17:40:59 UTC [INFO] nsx.nsx_object_functions.nsx_object_exporter: Skipping system/deleted service: Oracle_TimesTen_(4766)
2026-09-15T17:40:59 UTC [INFO] nsx.nsx_object_functions.nsx_object_exporter: Skipping system/deleted service: Oracle_TimesTen_(4767)
2026-09-15T17:40:59 UTC [INFO] nsx.nsx_object_functions.nsx_object_exporter: Skipping system/deleted service: Oracle_XMLDB_FTP_Port
2026-09-15T17:40:59 UTC [INFO] nsx.nsx_object_functions.nsx_object_exporter: Skipping system/deleted service: Oracle_XMLDB_HTTP_port
2026-09-15T17:40:59 UTC [INFO] nsx.nsx_object_functions.nsx_object_exporter: Skipping system/deleted service: Oracle_i*SQLPlus
2026-09-15T17:40:59 UTC [INFO] nsx.nsx_object_functions.nsx_object_exporter: Skipping system/deleted service: Oracle-2
2026-09-15T17:40:59 UTC [INFO] nsx.nsx_object_functions.nsx_object_exporter: Skipping system/deleted service: Oracle9iAS_Clickstream_Collector_Agent
2026-09-15T17:40:59 UTC [INFO] nsx.nsx_object_functions.nsx_object_exporter: Skipping system/deleted service: Oracle9iAS_Web_Cache_Admin_port
2026-09-15T17:40:59 UTC [INFO] nsx.nsx_object_functions.nsx_object_exporter: Skipping system/deleted service: Oracle9iAS_Web_Cache_HTTP_Listen(SSL)_port
2026-09-15T17:40:59 UTC [INFO] nsx.nsx_object_functions.nsx_object_exporter: Skipping system/deleted service: Oracle9iAS_Web_Cache_HTTP_Listen(non-SSL)_port
2026-09-15T17:40:59 UTC [INFO] nsx.nsx_object_functions.nsx_object_exporter: Skipping system/deleted service: Oracle9iAS_Web_Cache_Invalidation_port
2026-09-15T17:40:59 UTC [INFO] nsx.nsx_object_functions.nsx_object_exporter: Skipping system/deleted service: Oracle9iAS_Web_Cache_Statistics_port
2026-09-15T17:40:59 UTC [INFO] nsx.nsx_object_functions.nsx_object_exporter: Skipping system/deleted service: OracleAS_Certificate_Authority_(OCA)_-_Mutual_Authentication
2026-09-15T17:40:59 UTC [INFO] nsx.nsx_object_functions.nsx_object_exporter: Skipping system/deleted service: OracleAS_Certificate_Authority_(OCA)_-_Server_Authentication
2026-09-15T17:40:59 UTC [INFO] nsx.nsx_object_functions.nsx_object_exporter: Skipping system/deleted service: Orchestrator
2026-09-15T17:40:59 UTC [INFO] nsx.nsx_object_functions.nsx_object_exporter: Skipping system/deleted service: PC_Anywhere_(TCP)
2026-09-15T17:40:59 UTC [INFO] nsx.nsx_object_functions.nsx_object_exporter: Skipping system/deleted service: PC_Anywhere_(UDP)
2026-09-15T17:40:59 UTC [INFO] nsx.nsx_object_functions.nsx_object_exporter: Skipping system/deleted service: POP3
2026-09-15T17:40:59 UTC [INFO] nsx.nsx_object_functions.nsx_object_exporter: Skipping system/deleted service: POP3_SSL
2026-09-15T17:40:59 UTC [INFO] nsx.nsx_object_functions.nsx_object_exporter: Skipping system/deleted service: PostgreSQL
2026-09-15T17:40:59 UTC [INFO] nsx.nsx_object_functions.nsx_object_exporter: Skipping system/deleted service: RDP
2026-09-15T17:40:59 UTC [INFO] nsx.nsx_object_functions.nsx_object_exporter: Skipping system/deleted service: RFB
2026-09-15T17:40:59 UTC [INFO] nsx.nsx_object_functions.nsx_object_exporter: Skipping system/deleted service: RPC,_DFSR_(SYSVOL)
2026-09-15T17:40:59 UTC [INFO] nsx.nsx_object_functions.nsx_object_exporter: Skipping system/deleted service: RTSP_(TCP)
2026-09-15T17:40:59 UTC [INFO] nsx.nsx_object_functions.nsx_object_exporter: Skipping system/deleted service: RTSP_(UDP)
2026-09-15T17:40:59 UTC [INFO] nsx.nsx_object_functions.nsx_object_exporter: Skipping system/deleted service: Routing_Engine_service
2026-09-15T17:40:59 UTC [INFO] nsx.nsx_object_functions.nsx_object_exporter: Skipping system/deleted service: SAP_Admin_console
2026-09-15T17:40:59 UTC [INFO] nsx.nsx_object_functions.nsx_object_exporter: Skipping system/deleted service: SAP_Alert_Server
2026-09-15T17:40:59 UTC [INFO] nsx.nsx_object_functions.nsx_object_exporter: Skipping system/deleted service: SAP_Backup_Server
2026-09-15T17:40:59 UTC [INFO] nsx.nsx_object_functions.nsx_object_exporter: Skipping system/deleted service: SAP_Cache_Server
2026-09-15T17:40:59 UTC [INFO] nsx.nsx_object_functions.nsx_object_exporter: Skipping system/deleted service: SAP_Central_Software_Deployment_Manager
2026-09-15T17:40:59 UTC [INFO] nsx.nsx_object_functions.nsx_object_exporter: Skipping system/deleted service: SAP_Comm
2026-09-15T17:40:59 UTC [INFO] nsx.nsx_object_functions.nsx_object_exporter: Skipping system/deleted service: SAP_Content_Server
2026-09-15T17:40:59 UTC [INFO] nsx.nsx_object_functions.nsx_object_exporter: Skipping system/deleted service: SAP_Cruiser
2026-09-15T17:40:59 UTC [INFO] nsx.nsx_object_functions.nsx_object_exporter: Skipping system/deleted service: SAP_Design_Time_Repository
2026-09-15T17:40:59 UTC [INFO] nsx.nsx_object_functions.nsx_object_exporter: Skipping system/deleted service: SAP_Dispatcher
2026-09-15T17:40:59 UTC [INFO] nsx.nsx_object_functions.nsx_object_exporter: Skipping system/deleted service: SAP_Dispatcher_Netweaver_App_Server
2026-09-15T17:40:59 UTC [INFO] nsx.nsx_object_functions.nsx_object_exporter: Skipping system/deleted service: SAP_Enqueue_Repl_2
2026-09-15T17:40:59 UTC [INFO] nsx.nsx_object_functions.nsx_object_exporter: Skipping system/deleted service: SAP_Enqueue_Svr
2026-09-15T17:40:59 UTC [INFO] nsx.nsx_object_functions.nsx_object_exporter: Skipping system/deleted service: SAP_Exchange_Groupware_Connector_(DCOM)
2026-09-15T17:40:59 UTC [INFO] nsx.nsx_object_functions.nsx_object_exporter: Skipping system/deleted service: SAP_File_Adapter
2026-09-15T17:40:59 UTC [INFO] nsx.nsx_object_functions.nsx_object_exporter: Skipping system/deleted service: SAP_GRMG_Service_(Heartbeat)
2026-09-15T17:40:59 UTC [INFO] nsx.nsx_object_functions.nsx_object_exporter: Skipping system/deleted service: SAP_Gateway_Netweaver_App_Server
2026-09-15T17:40:59 UTC [INFO] nsx.nsx_object_functions.nsx_object_exporter: Skipping system/deleted service: SAP_HTTP
2026-09-15T17:40:59 UTC [INFO] nsx.nsx_object_functions.nsx_object_exporter: Skipping system/deleted service: SAP_HTTP_Server
2026-09-15T17:40:59 UTC [INFO] nsx.nsx_object_functions.nsx_object_exporter: Skipping system/deleted service: SAP_HTTP_Server_2
2026-09-15T17:40:59 UTC [INFO] nsx.nsx_object_functions.nsx_object_exporter: Skipping system/deleted service: SAP_HTTPS
2026-09-15T17:40:59 UTC [INFO] nsx.nsx_object_functions.nsx_object_exporter: Skipping system/deleted service: SAP_HostControl
2026-09-15T17:40:59 UTC [INFO] nsx.nsx_object_functions.nsx_object_exporter: Skipping system/deleted service: SAP_HostControlS
2026-09-15T17:40:59 UTC [INFO] nsx.nsx_object_functions.nsx_object_exporter: Skipping system/deleted service: SAP_IBM
2026-09-15T17:40:59 UTC [INFO] nsx.nsx_object_functions.nsx_object_exporter: Skipping system/deleted service: SAP_ICM_HTTP
2026-09-15T17:40:59 UTC [INFO] nsx.nsx_object_functions.nsx_object_exporter: Skipping system/deleted service: SAP_IIOP
2026-09-15T17:40:59 UTC [INFO] nsx.nsx_object_functions.nsx_object_exporter: Skipping system/deleted service: SAP_IIOP_initial
2026-09-15T17:40:59 UTC [INFO] nsx.nsx_object_functions.nsx_object_exporter: Skipping system/deleted service: SAP_IIOPS
2026-09-15T17:40:59 UTC [INFO] nsx.nsx_object_functions.nsx_object_exporter: Skipping system/deleted service: SAP_IPC_Dispatcher_Mobile_client
2026-09-15T17:40:59 UTC [INFO] nsx.nsx_object_functions.nsx_object_exporter: Skipping system/deleted service: SAP_IPC_Dispatcher_Mobile_client_2
2026-09-15T17:40:59 UTC [INFO] nsx.nsx_object_functions.nsx_object_exporter: Skipping system/deleted service: SAP_IPC_Server
2026-09-15T17:40:59 UTC [INFO] nsx.nsx_object_functions.nsx_object_exporter: Skipping system/deleted service: SAP_IPC_data_loader
2026-09-15T17:40:59 UTC [INFO] nsx.nsx_object_functions.nsx_object_exporter: Skipping system/deleted service: SAP_Import_Mgr
2026-09-15T17:40:59 UTC [INFO] nsx.nsx_object_functions.nsx_object_exporter: Skipping system/deleted service: SAP_Index_Server
2026-09-15T17:40:59 UTC [INFO] nsx.nsx_object_functions.nsx_object_exporter: Skipping system/deleted service: SAP_Index_Server_2
2026-09-15T17:40:59 UTC [INFO] nsx.nsx_object_functions.nsx_object_exporter: Skipping system/deleted service: SAP_Inst
2026-09-15T17:40:59 UTC [INFO] nsx.nsx_object_functions.nsx_object_exporter: Skipping system/deleted service: SAP_Inst_on_IBM
2026-09-15T17:40:59 UTC [INFO] nsx.nsx_object_functions.nsx_object_exporter: Skipping system/deleted service: SAP_Inter_Server_COmm
2026-09-15T17:40:59 UTC [INFO] nsx.nsx_object_functions.nsx_object_exporter: Skipping system/deleted service: SAP_JDBCAdapter
2026-09-15T17:40:59 UTC [INFO] nsx.nsx_object_functions.nsx_object_exporter: Skipping system/deleted service: SAP_JMS
2026-09-15T17:40:59 UTC [INFO] nsx.nsx_object_functions.nsx_object_exporter: Skipping system/deleted service: SAP_JMS_Adapter
2026-09-15T17:40:59 UTC [INFO] nsx.nsx_object_functions.nsx_object_exporter: Skipping system/deleted service: SAP_JMS-JDBC-File_Adapter_Server
2026-09-15T17:40:59 UTC [INFO] nsx.nsx_object_functions.nsx_object_exporter: Skipping system/deleted service: SAP_Java_Debug
2026-09-15T17:40:59 UTC [INFO] nsx.nsx_object_functions.nsx_object_exporter: Skipping system/deleted service: SAP_Java_Join
2026-09-15T17:40:59 UTC [INFO] nsx.nsx_object_functions.nsx_object_exporter: Skipping system/deleted service: SAP_Layout_Server
2026-09-15T17:40:59 UTC [INFO] nsx.nsx_object_functions.nsx_object_exporter: Skipping system/deleted service: SAP_Layout_Server_2
2026-09-15T17:40:59 UTC [INFO] nsx.nsx_object_functions.nsx_object_exporter: Skipping system/deleted service: SAP_Layout_Server_Adobe_InDesign
2026-09-15T17:40:59 UTC [INFO] nsx.nsx_object_functions.nsx_object_exporter: Skipping system/deleted service: SAP_Layout_Server_Quark_Express
2026-09-15T17:40:59 UTC [INFO] nsx.nsx_object_functions.nsx_object_exporter: Skipping system/deleted service: SAP_LiveCache
2026-09-15T17:40:59 UTC [INFO] nsx.nsx_object_functions.nsx_object_exporter: Skipping system/deleted service: SAP_Lotus_Domino_-_Connector
2026-09-15T17:40:59 UTC [INFO] nsx.nsx_object_functions.nsx_object_exporter: Skipping system/deleted service: SAP_Lotus_Domino_-_Proxy
2026-09-15T17:40:59 UTC [INFO] nsx.nsx_object_functions.nsx_object_exporter: Skipping system/deleted service: SAP_MDM_Server
2026-09-15T17:40:59 UTC [INFO] nsx.nsx_object_functions.nsx_object_exporter: Skipping system/deleted service: SAP_Mapping_Manager
2026-09-15T17:40:59 UTC [INFO] nsx.nsx_object_functions.nsx_object_exporter: Skipping system/deleted service: SAP_Message_Server_HTTP
2026-09-15T17:40:59 UTC [INFO] nsx.nsx_object_functions.nsx_object_exporter: Skipping system/deleted service: SAP_Monitoring_(GRMG)
2026-09-15T17:40:59 UTC [INFO] nsx.nsx_object_functions.nsx_object_exporter: Skipping system/deleted service: SAP_Msg_Svr
2026-09-15T17:40:59 UTC [INFO] nsx.nsx_object_functions.nsx_object_exporter: Skipping system/deleted service: SAP_Msg_Svr_2
2026-09-15T17:40:59 UTC [INFO] nsx.nsx_object_functions.nsx_object_exporter: Skipping system/deleted service: SAP_Msg_Svr_HTTP
2026-09-15T17:40:59 UTC [INFO] nsx.nsx_object_functions.nsx_object_exporter: Skipping system/deleted service: SAP_Name_Server
2026-09-15T17:40:59 UTC [INFO] nsx.nsx_object_functions.nsx_object_exporter: Skipping system/deleted service: SAP_Name_Server_2
2026-09-15T17:40:59 UTC [INFO] nsx.nsx_object_functions.nsx_object_exporter: Skipping system/deleted service: SAP_Oracle_Listener
2026-09-15T17:40:59 UTC [INFO] nsx.nsx_object_functions.nsx_object_exporter: Skipping system/deleted service: SAP_P4
2026-09-15T17:40:59 UTC [INFO] nsx.nsx_object_functions.nsx_object_exporter: Skipping system/deleted service: SAP_P4_over_HTTP
2026-09-15T17:40:59 UTC [INFO] nsx.nsx_object_functions.nsx_object_exporter: Skipping system/deleted service: SAP_P4_over_SSL
2026-09-15T17:40:59 UTC [INFO] nsx.nsx_object_functions.nsx_object_exporter: Skipping system/deleted service: SAP_PAW_Communication_Server
2026-09-15T17:40:59 UTC [INFO] nsx.nsx_object_functions.nsx_object_exporter: Skipping system/deleted service: SAP_PAW_Servlet_Engine
2026-09-15T17:40:59 UTC [INFO] nsx.nsx_object_functions.nsx_object_exporter: Skipping system/deleted service: SAP_Pre_Processor
2026-09-15T17:40:59 UTC [INFO] nsx.nsx_object_functions.nsx_object_exporter: Skipping system/deleted service: SAP_Pre_Processor_2
2026-09-15T17:40:59 UTC [INFO] nsx.nsx_object_functions.nsx_object_exporter: Skipping system/deleted service: SAP_Queue_Server
2026-09-15T17:40:59 UTC [INFO] nsx.nsx_object_functions.nsx_object_exporter: Skipping system/deleted service: SAP_Queue_Server_2
2026-09-15T17:40:59 UTC [INFO] nsx.nsx_object_functions.nsx_object_exporter: Skipping system/deleted service: SAP_RFC_Server
2026-09-15T17:40:59 UTC [INFO] nsx.nsx_object_functions.nsx_object_exporter: Skipping system/deleted service: SAP_Router
2026-09-15T17:40:59 UTC [INFO] nsx.nsx_object_functions.nsx_object_exporter: Skipping system/deleted service: SAP_SDM-SL
2026-09-15T17:40:59 UTC [INFO] nsx.nsx_object_functions.nsx_object_exporter: Skipping system/deleted service: SAP_SNC_secured_gateway
2026-09-15T17:40:59 UTC [INFO] nsx.nsx_object_functions.nsx_object_exporter: Skipping system/deleted service: SAP_Start_Service
2026-09-15T17:40:59 UTC [INFO] nsx.nsx_object_functions.nsx_object_exporter: Skipping system/deleted service: SAP_Start_Service_2
2026-09-15T17:40:59 UTC [INFO] nsx.nsx_object_functions.nsx_object_exporter: Skipping system/deleted service: SAP_Syndicator_Service
2026-09-15T17:40:59 UTC [INFO] nsx.nsx_object_functions.nsx_object_exporter: Skipping system/deleted service: SAP_Telnet
2026-09-15T17:40:59 UTC [INFO] nsx.nsx_object_functions.nsx_object_exporter: Skipping system/deleted service: SAP_Upgrade
2026-09-15T17:40:59 UTC [INFO] nsx.nsx_object_functions.nsx_object_exporter: Skipping system/deleted service: SAP_gateway_-_CPIC-RFC
2026-09-15T17:40:59 UTC [INFO] nsx.nsx_object_functions.nsx_object_exporter: Skipping system/deleted service: SAP_gateway-replication
2026-09-15T17:40:59 UTC [INFO] nsx.nsx_object_functions.nsx_object_exporter: Skipping system/deleted service: SAP_network_Test_Program
2026-09-15T17:40:59 UTC [INFO] nsx.nsx_object_functions.nsx_object_exporter: Skipping system/deleted service: SAP_printer_spooler
2026-09-15T17:40:59 UTC [INFO] nsx.nsx_object_functions.nsx_object_exporter: Skipping system/deleted service: SIP_5060
2026-09-15T17:40:59 UTC [INFO] nsx.nsx_object_functions.nsx_object_exporter: Skipping system/deleted service: SIP_5061
2026-09-15T17:40:59 UTC [INFO] nsx.nsx_object_functions.nsx_object_exporter: Skipping system/deleted service: SMB
2026-09-15T17:40:59 UTC [INFO] nsx.nsx_object_functions.nsx_object_exporter: Skipping system/deleted service: SMB_Server
2026-09-15T17:40:59 UTC [INFO] nsx.nsx_object_functions.nsx_object_exporter: Skipping system/deleted service: SMB_Server_UDP
2026-09-15T17:40:59 UTC [INFO] nsx.nsx_object_functions.nsx_object_exporter: Skipping system/deleted service: SMTP
2026-09-15T17:40:59 UTC [INFO] nsx.nsx_object_functions.nsx_object_exporter: Skipping system/deleted service: SMTP_TLS
2026-09-15T17:40:59 UTC [INFO] nsx.nsx_object_functions.nsx_object_exporter: Skipping system/deleted service: SNMP
2026-09-15T17:40:59 UTC [INFO] nsx.nsx_object_functions.nsx_object_exporter: Skipping system/deleted service: SNMP-Receive
2026-09-15T17:40:59 UTC [INFO] nsx.nsx_object_functions.nsx_object_exporter: Skipping system/deleted service: SNMP-Send
2026-09-15T17:40:59 UTC [INFO] nsx.nsx_object_functions.nsx_object_exporter: Skipping system/deleted service: SOAP
2026-09-15T17:40:59 UTC [INFO] nsx.nsx_object_functions.nsx_object_exporter: Skipping system/deleted service: SQL_Analysis_service
2026-09-15T17:40:59 UTC [INFO] nsx.nsx_object_functions.nsx_object_exporter: Skipping system/deleted service: SQL_Server_Browser_service
2026-09-15T17:40:59 UTC [INFO] nsx.nsx_object_functions.nsx_object_exporter: Skipping system/deleted service: SSH
2026-09-15T17:40:59 UTC [INFO] nsx.nsx_object_functions.nsx_object_exporter: Skipping system/deleted service: SUN_RPC_TCP
2026-09-15T17:40:59 UTC [INFO] nsx.nsx_object_functions.nsx_object_exporter: Skipping system/deleted service: SUN_RPC_UDP
2026-09-15T17:40:59 UTC [INFO] nsx.nsx_object_functions.nsx_object_exporter: Skipping system/deleted service: Server_Message_Block_(SMB)
2026-09-15T17:40:59 UTC [INFO] nsx.nsx_object_functions.nsx_object_exporter: Skipping system/deleted service: SharePoint_2007_V1
2026-09-15T17:40:59 UTC [INFO] nsx.nsx_object_functions.nsx_object_exporter: Skipping system/deleted service: SharePoint_2010_V1
2026-09-15T17:40:59 UTC [INFO] nsx.nsx_object_functions.nsx_object_exporter: Skipping system/deleted service: Site_Recovery_Manager_5.x
2026-09-15T17:40:59 UTC [INFO] nsx.nsx_object_functions.nsx_object_exporter: Skipping system/deleted service: Site_Recovery_Manager_6.x
2026-09-15T17:40:59 UTC [INFO] nsx.nsx_object_functions.nsx_object_exporter: Skipping system/deleted service: Site_Replication_service
2026-09-15T17:40:59 UTC [INFO] nsx.nsx_object_functions.nsx_object_exporter: Skipping system/deleted service: Skinny
2026-09-15T17:40:59 UTC [INFO] nsx.nsx_object_functions.nsx_object_exporter: Skipping system/deleted service: Syslog_(TCP)
2026-09-15T17:40:59 UTC [INFO] nsx.nsx_object_functions.nsx_object_exporter: Skipping system/deleted service: Syslog_(UDP)
2026-09-15T17:40:59 UTC [INFO] nsx.nsx_object_functions.nsx_object_exporter: Skipping system/deleted service: Syslog-Server
2026-09-15T17:40:59 UTC [INFO] nsx.nsx_object_functions.nsx_object_exporter: Skipping system/deleted service: Syslog-Server-UDP
2026-09-15T17:40:59 UTC [INFO] nsx.nsx_object_functions.nsx_object_exporter: Skipping system/deleted service: T120_(Whiteboard_A43)
2026-09-15T17:40:59 UTC [INFO] nsx.nsx_object_functions.nsx_object_exporter: Skipping system/deleted service: TELNET
2026-09-15T17:40:59 UTC [INFO] nsx.nsx_object_functions.nsx_object_exporter: Skipping system/deleted service: TFTP
2026-09-15T17:40:59 UTC [INFO] nsx.nsx_object_functions.nsx_object_exporter: Skipping system/deleted service: Terminal_Services_(TCP)
2026-09-15T17:40:59 UTC [INFO] nsx.nsx_object_functions.nsx_object_exporter: Skipping system/deleted service: Terminal_Services_(UDP)
2026-09-15T17:40:59 UTC [INFO] nsx.nsx_object_functions.nsx_object_exporter: Skipping system/deleted service: Update_Manager
2026-09-15T17:40:59 UTC [INFO] nsx.nsx_object_functions.nsx_object_exporter: Skipping system/deleted service: VMware_Consolidated_Backup
2026-09-15T17:40:59 UTC [INFO] nsx.nsx_object_functions.nsx_object_exporter: Skipping system/deleted service: VMware_ESXi_Dump_Collector
2026-09-15T17:40:59 UTC [INFO] nsx.nsx_object_functions.nsx_object_exporter: Skipping system/deleted service: VMware_VMotion
2026-09-15T17:40:59 UTC [INFO] nsx.nsx_object_functions.nsx_object_exporter: Skipping system/deleted service: VMware-CIMSLP
2026-09-15T17:40:59 UTC [INFO] nsx.nsx_object_functions.nsx_object_exporter: Skipping system/deleted service: VMware-DVS
2026-09-15T17:40:59 UTC [INFO] nsx.nsx_object_functions.nsx_object_exporter: Skipping system/deleted service: VMware-DataRecovery
2026-09-15T17:40:59 UTC [INFO] nsx.nsx_object_functions.nsx_object_exporter: Skipping system/deleted service: VMware-ESXi5.x-TCP
2026-09-15T17:40:59 UTC [INFO] nsx.nsx_object_functions.nsx_object_exporter: Skipping system/deleted service: VMware-ESXi5.x-UDP
2026-09-15T17:40:59 UTC [INFO] nsx.nsx_object_functions.nsx_object_exporter: Skipping system/deleted service: VMware-HA-TCP
2026-09-15T17:40:59 UTC [INFO] nsx.nsx_object_functions.nsx_object_exporter: Skipping system/deleted service: VMware-HA-UDP
2026-09-15T17:40:59 UTC [INFO] nsx.nsx_object_functions.nsx_object_exporter: Skipping system/deleted service: VMware-SPS
2026-09-15T17:40:59 UTC [INFO] nsx.nsx_object_functions.nsx_object_exporter: Skipping system/deleted service: VMware-SRM-H5-UI
2026-09-15T17:40:59 UTC [INFO] nsx.nsx_object_functions.nsx_object_exporter: Skipping system/deleted service: VMware-SRM-HTTP
2026-09-15T17:40:59 UTC [INFO] nsx.nsx_object_functions.nsx_object_exporter: Skipping system/deleted service: VMware-SRM-Replication
2026-09-15T17:40:59 UTC [INFO] nsx.nsx_object_functions.nsx_object_exporter: Skipping system/deleted service: VMware-SRM-SOAP
2026-09-15T17:40:59 UTC [INFO] nsx.nsx_object_functions.nsx_object_exporter: Skipping system/deleted service: VMware-SRM-Server-Management
2026-09-15T17:40:59 UTC [INFO] nsx.nsx_object_functions.nsx_object_exporter: Skipping system/deleted service: VMware-SRM-UI
2026-09-15T17:40:59 UTC [INFO] nsx.nsx_object_functions.nsx_object_exporter: Skipping system/deleted service: VMware-SRM-VAMI
2026-09-15T17:40:59 UTC [INFO] nsx.nsx_object_functions.nsx_object_exporter: Skipping system/deleted service: VMware-SRM-vCentreServer
2026-09-15T17:40:59 UTC [INFO] nsx.nsx_object_functions.nsx_object_exporter: Skipping system/deleted service: VMware-SRM-vSphereReplication
2026-09-15T17:40:59 UTC [INFO] nsx.nsx_object_functions.nsx_object_exporter: Skipping system/deleted service: VMware-SRMClient-Server
2026-09-15T17:40:59 UTC [INFO] nsx.nsx_object_functions.nsx_object_exporter: Skipping system/deleted service: VMware-UpdateMgr
2026-09-15T17:40:59 UTC [INFO] nsx.nsx_object_functions.nsx_object_exporter: Skipping system/deleted service: VMware-UpdateMgr-Patching
2026-09-15T17:40:59 UTC [INFO] nsx.nsx_object_functions.nsx_object_exporter: Skipping system/deleted service: VMware-UpdateMgr-SOAP
2026-09-15T17:40:59 UTC [INFO] nsx.nsx_object_functions.nsx_object_exporter: Skipping system/deleted service: VMware-UpdateMgr-VUM
2026-09-15T17:40:59 UTC [INFO] nsx.nsx_object_functions.nsx_object_exporter: Skipping system/deleted service: VMware-VC-DPM
2026-09-15T17:40:59 UTC [INFO] nsx.nsx_object_functions.nsx_object_exporter: Skipping system/deleted service: VMware-VC-DumpCollector-TCP
2026-09-15T17:40:59 UTC [INFO] nsx.nsx_object_functions.nsx_object_exporter: Skipping system/deleted service: VMware-VC-DumpSvr
2026-09-15T17:40:59 UTC [INFO] nsx.nsx_object_functions.nsx_object_exporter: Skipping system/deleted service: VMware-VC-ESXi
2026-09-15T17:40:59 UTC [INFO] nsx.nsx_object_functions.nsx_object_exporter: Skipping system/deleted service: VMware-VC-RemoteConsole
2026-09-15T17:40:59 UTC [INFO] nsx.nsx_object_functions.nsx_object_exporter: Skipping system/deleted service: VMware-VC-Syslog
2026-09-15T17:40:59 UTC [INFO] nsx.nsx_object_functions.nsx_object_exporter: Skipping system/deleted service: VMware-VCO-Command
2026-09-15T17:40:59 UTC [INFO] nsx.nsx_object_functions.nsx_object_exporter: Skipping system/deleted service: VMware-VCO-Data
2026-09-15T17:40:59 UTC [INFO] nsx.nsx_object_functions.nsx_object_exporter: Skipping system/deleted service: VMware-VCO-Messaging
2026-09-15T17:40:59 UTC [INFO] nsx.nsx_object_functions.nsx_object_exporter: Skipping system/deleted service: VMware-VCO-VCO-HTTPS
2026-09-15T17:40:59 UTC [INFO] nsx.nsx_object_functions.nsx_object_exporter: Skipping system/deleted service: VMware-VCO-WebHTTP
2026-09-15T17:40:59 UTC [INFO] nsx.nsx_object_functions.nsx_object_exporter: Skipping system/deleted service: VMware-VCO-WebHTTPS
2026-09-15T17:40:59 UTC [INFO] nsx.nsx_object_functions.nsx_object_exporter: Skipping system/deleted service: VMware-VCOMgr-UI
2026-09-15T17:40:59 UTC [INFO] nsx.nsx_object_functions.nsx_object_exporter: Skipping system/deleted service: VMware-VCOStdAln-Heartbeat
2026-09-15T17:40:59 UTC [INFO] nsx.nsx_object_functions.nsx_object_exporter: Skipping system/deleted service: VMware-VDM2.x-Ephemeral
2026-09-15T17:40:59 UTC [INFO] nsx.nsx_object_functions.nsx_object_exporter: Skipping system/deleted service: VMware-VDM2.x-RGS
2026-09-15T17:40:59 UTC [INFO] nsx.nsx_object_functions.nsx_object_exporter: Skipping system/deleted service: VMware-VR-Replication-Traffic
2026-09-15T17:40:59 UTC [INFO] nsx.nsx_object_functions.nsx_object_exporter: Skipping system/deleted service: VMware-VR-Server-Management-Traffic
2026-09-15T17:40:59 UTC [INFO] nsx.nsx_object_functions.nsx_object_exporter: Skipping system/deleted service: VMware-View-PCoIP
2026-09-15T17:40:59 UTC [INFO] nsx.nsx_object_functions.nsx_object_exporter: Skipping system/deleted service: VMware-View5.x-JMS
2026-09-15T17:40:59 UTC [INFO] nsx.nsx_object_functions.nsx_object_exporter: Skipping system/deleted service: VMware-View5.x-PCoIP-UDP
2026-09-15T17:40:59 UTC [INFO] nsx.nsx_object_functions.nsx_object_exporter: Skipping system/deleted service: VMware-iSCSI-Server
2026-09-15T17:40:59 UTC [INFO] nsx.nsx_object_functions.nsx_object_exporter: Skipping system/deleted service: View_5.x
2026-09-15T17:40:59 UTC [INFO] nsx.nsx_object_functions.nsx_object_exporter: Skipping system/deleted service: Vmware_View-VDM2.x
2026-09-15T17:40:59 UTC [INFO] nsx.nsx_object_functions.nsx_object_exporter: Skipping system/deleted service: Vmware-FT-TCP
2026-09-15T17:40:59 UTC [INFO] nsx.nsx_object_functions.nsx_object_exporter: Skipping system/deleted service: Vmware-FT-UDP
2026-09-15T17:40:59 UTC [INFO] nsx.nsx_object_functions.nsx_object_exporter: Skipping system/deleted service: Vmware-Heartbeat-PrimarySecondary
2026-09-15T17:40:59 UTC [INFO] nsx.nsx_object_functions.nsx_object_exporter: Skipping system/deleted service: Vmware-SRM-WSDL-vCentreServer
2026-09-15T17:40:59 UTC [INFO] nsx.nsx_object_functions.nsx_object_exporter: Skipping system/deleted service: Vmware-UpdateMgr-update
2026-09-15T17:40:59 UTC [INFO] nsx.nsx_object_functions.nsx_object_exporter: Skipping system/deleted service: Vmware-VC-HTTP
2026-09-15T17:40:59 UTC [INFO] nsx.nsx_object_functions.nsx_object_exporter: Skipping system/deleted service: Vmware-VC-VC-Internal
2026-09-15T17:40:59 UTC [INFO] nsx.nsx_object_functions.nsx_object_exporter: Skipping system/deleted service: Vmware-VC-WebAccess
2026-09-15T17:40:59 UTC [INFO] nsx.nsx_object_functions.nsx_object_exporter: Skipping system/deleted service: Vmware-VCHeartbeat
2026-09-15T17:40:59 UTC [INFO] nsx.nsx_object_functions.nsx_object_exporter: Skipping system/deleted service: Vmware-VCO-Lookup
2026-09-15T17:40:59 UTC [INFO] nsx.nsx_object_functions.nsx_object_exporter: Skipping system/deleted service: Vmware-VCO-VCO-HTTP
2026-09-15T17:40:59 UTC [INFO] nsx.nsx_object_functions.nsx_object_exporter: Skipping system/deleted service: Vmware-VCOStdAln-Remote
2026-09-15T17:40:59 UTC [INFO] nsx.nsx_object_functions.nsx_object_exporter: Skipping system/deleted service: Vmware-VDM2.x-AJP
2026-09-15T17:40:59 UTC [INFO] nsx.nsx_object_functions.nsx_object_exporter: Skipping system/deleted service: Vmware-VDM2.x-JMS
2026-09-15T17:40:59 UTC [INFO] nsx.nsx_object_functions.nsx_object_exporter: Skipping system/deleted service: WINS
2026-09-15T17:40:59 UTC [INFO] nsx.nsx_object_functions.nsx_object_exporter: Skipping system/deleted service: WINS-UDP
2026-09-15T17:40:59 UTC [INFO] nsx.nsx_object_functions.nsx_object_exporter: Skipping system/deleted service: Win_-_RPC,_DCOM,_EPM,_DRSUAPI,_NetLogonR,_SamR,_FRS_-_TCP
2026-09-15T17:40:59 UTC [INFO] nsx.nsx_object_functions.nsx_object_exporter: Skipping system/deleted service: Win_-_RPC,_DCOM,_EPM,_DRSUAPI,_NetLogonR,_SamR,_FRS_-_UDP
2026-09-15T17:40:59 UTC [INFO] nsx.nsx_object_functions.nsx_object_exporter: Skipping system/deleted service: Win_2003_-_RPC,_DCOM,_EPM,_DRSUAPI,_NetLogonR,_SamR,_FRS
2026-09-15T17:40:59 UTC [INFO] nsx.nsx_object_functions.nsx_object_exporter: Skipping system/deleted service: Win_2008_-_RPC,_DCOM,_EPM,_DRSUAPI,_NetLogonR,_SamR,_FRS
2026-09-15T17:40:59 UTC [INFO] nsx.nsx_object_functions.nsx_object_exporter: Skipping system/deleted service: Windows-Global-Catalog
2026-09-15T17:40:59 UTC [INFO] nsx.nsx_object_functions.nsx_object_exporter: Skipping system/deleted service: Windows-Global-Catalog-over-SSL
2026-09-15T17:40:59 UTC [INFO] nsx.nsx_object_functions.nsx_object_exporter: Skipping system/deleted service: Yahoo_Messenger_(TCP)
2026-09-15T17:40:59 UTC [INFO] nsx.nsx_object_functions.nsx_object_exporter: Skipping system/deleted service: Yahoo_Messenger_(UDP)
2026-09-15T17:40:59 UTC [INFO] nsx.nsx_object_functions.nsx_object_exporter: Skipping system/deleted service: iSQLPlus_10g
2026-09-15T17:40:59 UTC [INFO] nsx.nsx_object_functions.nsx_object_exporter: Skipping system/deleted service: iSQLPlus_10g_(5580)
2026-09-15T17:40:59 UTC [INFO] nsx.nsx_object_functions.nsx_object_exporter: Skipping system/deleted service: vCenter5.x_V1
2026-09-15T17:40:59 UTC [INFO] nsx.nsx_object_functions.nsx_object_exporter: Skipping system/deleted service: vCentre_Operations_Manager_(Standalone)_5.x
2026-09-15T17:40:59 UTC [INFO] nsx.nsx_object_functions.nsx_object_exporter: Skipping system/deleted service: vCentre_Operations_Manager_(vApp)_5.x
2026-09-15T17:40:59 UTC [INFO] nsx.nsx_object_functions.nsx_object_exporter: Skipping system/deleted service: vCentre_Operations_Standard_1.x
2026-09-15T17:40:59 UTC [INFO] __main__: GET /global-manager/api/v1/global-infra/domains/default/security-policies
2026-09-15T17:41:00 UTC [INFO] __main__: GET /global-manager/api/v1/global-infra/domains/default/security-policies/test-infrastructure-policy/rules
2026-09-15T17:41:00 UTC [INFO] __main__: GET /global-manager/api/v1/global-infra/domains/default/security-policies/Start_Policy/rules
2026-09-15T17:41:00 UTC [INFO] __main__: GET /global-manager/api/v1/global-infra/domains/default/security-policies/test-policy-2/rules
2026-09-15T17:41:00 UTC [INFO] __main__: Exporting domain: nsx-lm1.lab.local
2026-09-15T17:41:00 UTC [INFO] __main__: GET /global-manager/api/v1/global-infra/domains/nsx-lm1.lab.local/groups
2026-09-15T17:41:01 UTC [INFO] __main__: GET /global-manager/api/v1/global-infra/services
2026-09-15T17:41:01 UTC [INFO] nsx.nsx_object_functions.nsx_object_exporter: Skipping system/deleted service: AD_Server
2026-09-15T17:41:01 UTC [INFO] nsx.nsx_object_functions.nsx_object_exporter: Skipping system/deleted service: Active_Directory_Server
2026-09-15T17:41:01 UTC [INFO] nsx.nsx_object_functions.nsx_object_exporter: Skipping system/deleted service: Active_Directory_Server_UDP
2026-09-15T17:41:01 UTC [INFO] nsx.nsx_object_functions.nsx_object_exporter: Skipping system/deleted service: CIM-HTTP
2026-09-15T17:41:01 UTC [INFO] nsx.nsx_object_functions.nsx_object_exporter: Skipping system/deleted service: CIM-HTTPS
2026-09-15T17:41:01 UTC [INFO] nsx.nsx_object_functions.nsx_object_exporter: Skipping system/deleted service: DCM_Java_Object_Cache_port
2026-09-15T17:41:01 UTC [INFO] nsx.nsx_object_functions.nsx_object_exporter: Skipping system/deleted service: DHCP,_MADCAP
2026-09-15T17:41:01 UTC [INFO] nsx.nsx_object_functions.nsx_object_exporter: Skipping system/deleted service: DHCP-Client
2026-09-15T17:41:01 UTC [INFO] nsx.nsx_object_functions.nsx_object_exporter: Skipping system/deleted service: DHCP-Server
2026-09-15T17:41:01 UTC [INFO] nsx.nsx_object_functions.nsx_object_exporter: Skipping system/deleted service: DHCPv6_Client
2026-09-15T17:41:01 UTC [INFO] nsx.nsx_object_functions.nsx_object_exporter: Skipping system/deleted service: DHCPv6_Server
2026-09-15T17:41:01 UTC [INFO] nsx.nsx_object_functions.nsx_object_exporter: Skipping system/deleted service: DNS
2026-09-15T17:41:01 UTC [INFO] nsx.nsx_object_functions.nsx_object_exporter: Skipping system/deleted service: DNS-UDP
2026-09-15T17:41:01 UTC [INFO] nsx.nsx_object_functions.nsx_object_exporter: Skipping system/deleted service: Data_Recovery_Appliance
2026-09-15T17:41:01 UTC [INFO] nsx.nsx_object_functions.nsx_object_exporter: Skipping system/deleted service: Directory_Services
2026-09-15T17:41:01 UTC [INFO] nsx.nsx_object_functions.nsx_object_exporter: Skipping system/deleted service: ESXi_Syslog_Collector
2026-09-15T17:41:01 UTC [INFO] nsx.nsx_object_functions.nsx_object_exporter: Skipping system/deleted service: EdgeSync_service
2026-09-15T17:41:01 UTC [INFO] nsx.nsx_object_functions.nsx_object_exporter: Skipping system/deleted service: EdgeSync_service-ADAM
2026-09-15T17:41:01 UTC [INFO] nsx.nsx_object_functions.nsx_object_exporter: Skipping system/deleted service: Enterprise_Manager_RMI_port
2026-09-15T17:41:01 UTC [INFO] nsx.nsx_object_functions.nsx_object_exporter: Skipping system/deleted service: Enterprise_Manager_Reporting_port
2026-09-15T17:41:01 UTC [INFO] nsx.nsx_object_functions.nsx_object_exporter: Skipping system/deleted service: Enterprise_Manager_Servlet_port_SSL
2026-09-15T17:41:01 UTC [INFO] nsx.nsx_object_functions.nsx_object_exporter: Skipping system/deleted service: Enterprise_ManagerAgent_port
2026-09-15T17:41:01 UTC [INFO] nsx.nsx_object_functions.nsx_object_exporter: Skipping system/deleted service: Exchange_ActiveSync
2026-09-15T17:41:01 UTC [INFO] nsx.nsx_object_functions.nsx_object_exporter: Skipping system/deleted service: FTP
2026-09-15T17:41:01 UTC [INFO] nsx.nsx_object_functions.nsx_object_exporter: Skipping system/deleted service: For_X.400_connections_over_TCP
2026-09-15T17:41:01 UTC [INFO] nsx.nsx_object_functions.nsx_object_exporter: Skipping system/deleted service: H323_Call_Signaling
2026-09-15T17:41:01 UTC [INFO] nsx.nsx_object_functions.nsx_object_exporter: Skipping system/deleted service: H323_Gatekeeper_Discovery
2026-09-15T17:41:01 UTC [INFO] nsx.nsx_object_functions.nsx_object_exporter: Skipping system/deleted service: HBR_Server_App
2026-09-15T17:41:01 UTC [INFO] nsx.nsx_object_functions.nsx_object_exporter: Skipping system/deleted service: HTTP
2026-09-15T17:41:01 UTC [INFO] nsx.nsx_object_functions.nsx_object_exporter: Skipping system/deleted service: HTTPS
2026-09-15T17:41:01 UTC [INFO] nsx.nsx_object_functions.nsx_object_exporter: Skipping system/deleted service: HTTPS,_net.tcp_binding
2026-09-15T17:41:01 UTC [INFO] nsx.nsx_object_functions.nsx_object_exporter: Skipping system/deleted service: Heartbeat
2026-09-15T17:41:01 UTC [INFO] nsx.nsx_object_functions.nsx_object_exporter: Skipping system/deleted service: IBM_DB2
2026-09-15T17:41:01 UTC [INFO] nsx.nsx_object_functions.nsx_object_exporter: Skipping system/deleted service: ICMP-ALL
2026-09-15T17:41:01 UTC [INFO] nsx.nsx_object_functions.nsx_object_exporter: Skipping system/deleted service: ICMP_Destination_Unreachable
2026-09-15T17:41:01 UTC [INFO] nsx.nsx_object_functions.nsx_object_exporter: Skipping system/deleted service: ICMP_Echo_Reply
2026-09-15T17:41:01 UTC [INFO] nsx.nsx_object_functions.nsx_object_exporter: Skipping system/deleted service: ICMP_Echo_Request
2026-09-15T17:41:01 UTC [INFO] nsx.nsx_object_functions.nsx_object_exporter: Skipping system/deleted service: ICMP_Redirect
2026-09-15T17:41:01 UTC [INFO] nsx.nsx_object_functions.nsx_object_exporter: Skipping system/deleted service: ICMP_Router_Advertisement
2026-09-15T17:41:01 UTC [INFO] nsx.nsx_object_functions.nsx_object_exporter: Skipping system/deleted service: ICMP_Router_Solicitation
2026-09-15T17:41:01 UTC [INFO] nsx.nsx_object_functions.nsx_object_exporter: Skipping system/deleted service: ICMP_Source_Quench
2026-09-15T17:41:01 UTC [INFO] nsx.nsx_object_functions.nsx_object_exporter: Skipping system/deleted service: ICMP_Time_Exceeded
2026-09-15T17:41:01 UTC [INFO] nsx.nsx_object_functions.nsx_object_exporter: Skipping system/deleted service: ICMPv4-ALL
2026-09-15T17:41:01 UTC [INFO] nsx.nsx_object_functions.nsx_object_exporter: Skipping system/deleted service: ICMPv6-ALL
2026-09-15T17:41:01 UTC [INFO] nsx.nsx_object_functions.nsx_object_exporter: Skipping system/deleted service: IGMP_Leave_Group
2026-09-15T17:41:01 UTC [INFO] nsx.nsx_object_functions.nsx_object_exporter: Skipping system/deleted service: IGMP_Membership_Query
2026-09-15T17:41:01 UTC [INFO] nsx.nsx_object_functions.nsx_object_exporter: Skipping system/deleted service: IGMP_V2_Membership_Report
2026-09-15T17:41:01 UTC [INFO] nsx.nsx_object_functions.nsx_object_exporter: Skipping system/deleted service: IGMP_V3_Membership_Report
2026-09-15T17:41:01 UTC [INFO] nsx.nsx_object_functions.nsx_object_exporter: Skipping system/deleted service: IKE_(Key_Exchange)
2026-09-15T17:41:01 UTC [INFO] nsx.nsx_object_functions.nsx_object_exporter: Skipping system/deleted service: IKE_(NAT_Traversal)
2026-09-15T17:41:01 UTC [INFO] nsx.nsx_object_functions.nsx_object_exporter: Skipping system/deleted service: IMAP
2026-09-15T17:41:01 UTC [INFO] nsx.nsx_object_functions.nsx_object_exporter: Skipping system/deleted service: IMAP_SSL
2026-09-15T17:41:01 UTC [INFO] nsx.nsx_object_functions.nsx_object_exporter: Skipping system/deleted service: IPv6-ICMP_Destination_Unreachable
2026-09-15T17:41:01 UTC [INFO] nsx.nsx_object_functions.nsx_object_exporter: Skipping system/deleted service: IPv6-ICMP_Echo_Reply
2026-09-15T17:41:01 UTC [INFO] nsx.nsx_object_functions.nsx_object_exporter: Skipping system/deleted service: IPv6-ICMP_Echo_Request
2026-09-15T17:41:01 UTC [INFO] nsx.nsx_object_functions.nsx_object_exporter: Skipping system/deleted service: IPv6-ICMP_Multicast_Listener_Done
2026-09-15T17:41:01 UTC [INFO] nsx.nsx_object_functions.nsx_object_exporter: Skipping system/deleted service: IPv6-ICMP_Multicast_Listener_Query
2026-09-15T17:41:01 UTC [INFO] nsx.nsx_object_functions.nsx_object_exporter: Skipping system/deleted service: IPv6-ICMP_Multicast_Listener_Report
2026-09-15T17:41:01 UTC [INFO] nsx.nsx_object_functions.nsx_object_exporter: Skipping system/deleted service: IPv6-ICMP_Neighbor_Advertisement
2026-09-15T17:41:01 UTC [INFO] nsx.nsx_object_functions.nsx_object_exporter: Skipping system/deleted service: IPv6-ICMP_Neighbor_Solicitation
2026-09-15T17:41:01 UTC [INFO] nsx.nsx_object_functions.nsx_object_exporter: Skipping system/deleted service: IPv6-ICMP_Packet_Too_Big
2026-09-15T17:41:01 UTC [INFO] nsx.nsx_object_functions.nsx_object_exporter: Skipping system/deleted service: IPv6-ICMP_Parameter_Problem
2026-09-15T17:41:01 UTC [INFO] nsx.nsx_object_functions.nsx_object_exporter: Skipping system/deleted service: IPv6-ICMP_Time_Exceeded
2026-09-15T17:41:01 UTC [INFO] nsx.nsx_object_functions.nsx_object_exporter: Skipping system/deleted service: IPv6-ICMP_Version_2_Multicast_Listener
2026-09-15T17:41:01 UTC [INFO] nsx.nsx_object_functions.nsx_object_exporter: Skipping system/deleted service: ISAKMP
2026-09-15T17:41:01 UTC [INFO] nsx.nsx_object_functions.nsx_object_exporter: Skipping system/deleted service: Java_Object_Cache_port
2026-09-15T17:41:01 UTC [INFO] nsx.nsx_object_functions.nsx_object_exporter: Skipping system/deleted service: KERBEROS
2026-09-15T17:41:01 UTC [INFO] nsx.nsx_object_functions.nsx_object_exporter: Skipping system/deleted service: KERBEROS-TCP
2026-09-15T17:41:01 UTC [INFO] nsx.nsx_object_functions.nsx_object_exporter: Skipping system/deleted service: KERBEROS-UDP
2026-09-15T17:41:01 UTC [INFO] nsx.nsx_object_functions.nsx_object_exporter: Skipping system/deleted service: LDAP
2026-09-15T17:41:01 UTC [INFO] nsx.nsx_object_functions.nsx_object_exporter: Skipping system/deleted service: LDAP_Global_Catalog
2026-09-15T17:41:01 UTC [INFO] nsx.nsx_object_functions.nsx_object_exporter: Skipping system/deleted service: LDAP-UDP
2026-09-15T17:41:01 UTC [INFO] nsx.nsx_object_functions.nsx_object_exporter: Skipping system/deleted service: LDAP-over-SSL
2026-09-15T17:41:01 UTC [INFO] nsx.nsx_object_functions.nsx_object_exporter: Skipping system/deleted service: LDAP-over-SSL-UDP
2026-09-15T17:41:01 UTC [INFO] nsx.nsx_object_functions.nsx_object_exporter: Skipping system/deleted service: Log_Loader
2026-09-15T17:41:01 UTC [INFO] nsx.nsx_object_functions.nsx_object_exporter: Skipping system/deleted service: MGCP_(TCP)
2026-09-15T17:41:01 UTC [INFO] nsx.nsx_object_functions.nsx_object_exporter: Skipping system/deleted service: MGCP_(UDP)
2026-09-15T17:41:01 UTC [INFO] nsx.nsx_object_functions.nsx_object_exporter: Skipping system/deleted service: MS_Customizable
2026-09-15T17:41:01 UTC [INFO] nsx.nsx_object_functions.nsx_object_exporter: Skipping system/deleted service: MS_Exchange_2007_Client_Access_Server
2026-09-15T17:41:01 UTC [INFO] nsx.nsx_object_functions.nsx_object_exporter: Skipping system/deleted service: MS_Exchange_2007_Mailbox_Servers
2026-09-15T17:41:01 UTC [INFO] nsx.nsx_object_functions.nsx_object_exporter: Skipping system/deleted service: MS_Exchange_2007_Transport_Servers
2026-09-15T17:41:01 UTC [INFO] nsx.nsx_object_functions.nsx_object_exporter: Skipping system/deleted service: MS_Exchange_2007_Unified_Messaging_Centre
2026-09-15T17:41:01 UTC [INFO] nsx.nsx_object_functions.nsx_object_exporter: Skipping system/deleted service: MS_Exchange_2010_Client_Access_Servers
2026-09-15T17:41:01 UTC [INFO] nsx.nsx_object_functions.nsx_object_exporter: Skipping system/deleted service: MS_Exchange_2010_Mailbox_Servers
2026-09-15T17:41:01 UTC [INFO] nsx.nsx_object_functions.nsx_object_exporter: Skipping system/deleted service: MS_Exchange_2010_Transport_Servers
2026-09-15T17:41:01 UTC [INFO] nsx.nsx_object_functions.nsx_object_exporter: Skipping system/deleted service: MS_Exchange_2010_Unified_Messaging_Server
2026-09-15T17:41:01 UTC [INFO] nsx.nsx_object_functions.nsx_object_exporter: Skipping system/deleted service: MS_Replication_service
2026-09-15T17:41:01 UTC [INFO] nsx.nsx_object_functions.nsx_object_exporter: Skipping system/deleted service: MS_Unified_Messaging_server
2026-09-15T17:41:01 UTC [INFO] nsx.nsx_object_functions.nsx_object_exporter: Skipping system/deleted service: MS_Unified_Messaging_server_-_Client_Access
2026-09-15T17:41:01 UTC [INFO] nsx.nsx_object_functions.nsx_object_exporter: Skipping system/deleted service: MS_Unified_Messaging_server-Phone
2026-09-15T17:41:01 UTC [INFO] nsx.nsx_object_functions.nsx_object_exporter: Skipping system/deleted service: MS-DS
2026-09-15T17:41:01 UTC [INFO] nsx.nsx_object_functions.nsx_object_exporter: Skipping system/deleted service: MS-DS-TCP
2026-09-15T17:41:01 UTC [INFO] nsx.nsx_object_functions.nsx_object_exporter: Skipping system/deleted service: MS-DS-UDP
2026-09-15T17:41:01 UTC [INFO] nsx.nsx_object_functions.nsx_object_exporter: Skipping system/deleted service: MS-SQL-M
2026-09-15T17:41:01 UTC [INFO] nsx.nsx_object_functions.nsx_object_exporter: Skipping system/deleted service: MS-SQL-M-TCP
2026-09-15T17:41:01 UTC [INFO] nsx.nsx_object_functions.nsx_object_exporter: Skipping system/deleted service: MS-SQL-S
2026-09-15T17:41:01 UTC [INFO] nsx.nsx_object_functions.nsx_object_exporter: Skipping system/deleted service: MSN_(TCP)
2026-09-15T17:41:01 UTC [INFO] nsx.nsx_object_functions.nsx_object_exporter: Skipping system/deleted service: MSN_(UDP)
2026-09-15T17:41:01 UTC [INFO] nsx.nsx_object_functions.nsx_object_exporter: Skipping system/deleted service: MSSQL_Integration_Services
2026-09-15T17:41:01 UTC [INFO] nsx.nsx_object_functions.nsx_object_exporter: Skipping system/deleted service: MSSQL_Reporting_Services
2026-09-15T17:41:01 UTC [INFO] nsx.nsx_object_functions.nsx_object_exporter: Skipping system/deleted service: MSSQL_Server_Analysis_Services
2026-09-15T17:41:01 UTC [INFO] nsx.nsx_object_functions.nsx_object_exporter: Skipping system/deleted service: MSSQL_Server_Database_Engine
2026-09-15T17:41:01 UTC [INFO] nsx.nsx_object_functions.nsx_object_exporter: Skipping system/deleted service: MS_RPC_TCP
2026-09-15T17:41:01 UTC [INFO] nsx.nsx_object_functions.nsx_object_exporter: Skipping system/deleted service: MS_RPC_UDP
2026-09-15T17:41:01 UTC [INFO] nsx.nsx_object_functions.nsx_object_exporter: Skipping system/deleted service: Microsoft_Active_Directory_V1
2026-09-15T17:41:01 UTC [INFO] nsx.nsx_object_functions.nsx_object_exporter: Skipping system/deleted service: Microsoft_Exchange_2003
2026-09-15T17:41:01 UTC [INFO] nsx.nsx_object_functions.nsx_object_exporter: Skipping system/deleted service: Microsoft_Exchange_2007
2026-09-15T17:41:01 UTC [INFO] nsx.nsx_object_functions.nsx_object_exporter: Skipping system/deleted service: Microsoft_Exchange_2010
2026-09-15T17:41:01 UTC [INFO] nsx.nsx_object_functions.nsx_object_exporter: Skipping system/deleted service: Microsoft_Media_Server_(TCP)
2026-09-15T17:41:01 UTC [INFO] nsx.nsx_object_functions.nsx_object_exporter: Skipping system/deleted service: Microsoft_Media_Server_(UDP)
2026-09-15T17:41:01 UTC [INFO] nsx.nsx_object_functions.nsx_object_exporter: Skipping system/deleted service: Microsoft_SQL_Server
2026-09-15T17:41:01 UTC [INFO] nsx.nsx_object_functions.nsx_object_exporter: Skipping system/deleted service: MySQL
2026-09-15T17:41:01 UTC [INFO] nsx.nsx_object_functions.nsx_object_exporter: Skipping system/deleted service: NBDG-Broadcast-V1
2026-09-15T17:41:01 UTC [INFO] nsx.nsx_object_functions.nsx_object_exporter: Skipping system/deleted service: NBNS-Broadcast-V1
2026-09-15T17:41:01 UTC [INFO] nsx.nsx_object_functions.nsx_object_exporter: Skipping system/deleted service: NFS_(TCP)
2026-09-15T17:41:01 UTC [INFO] nsx.nsx_object_functions.nsx_object_exporter: Skipping system/deleted service: NFS_(UDP)
2026-09-15T17:41:01 UTC [INFO] nsx.nsx_object_functions.nsx_object_exporter: Skipping system/deleted service: NFS_Client
2026-09-15T17:41:01 UTC [INFO] nsx.nsx_object_functions.nsx_object_exporter: Skipping system/deleted service: NFS_Client_UDP
2026-09-15T17:41:01 UTC [INFO] nsx.nsx_object_functions.nsx_object_exporter: Skipping system/deleted service: NFS-Server-TCP
2026-09-15T17:41:01 UTC [INFO] nsx.nsx_object_functions.nsx_object_exporter: Skipping system/deleted service: NFS-Server-UDP
2026-09-15T17:41:01 UTC [INFO] nsx.nsx_object_functions.nsx_object_exporter: Skipping system/deleted service: NNTP
2026-09-15T17:41:01 UTC [INFO] nsx.nsx_object_functions.nsx_object_exporter: Skipping system/deleted service: NNTP_SSL
2026-09-15T17:41:01 UTC [INFO] nsx.nsx_object_functions.nsx_object_exporter: Skipping system/deleted service: NTP
2026-09-15T17:41:01 UTC [INFO] nsx.nsx_object_functions.nsx_object_exporter: Skipping system/deleted service: NTP_Time_Server
2026-09-15T17:41:01 UTC [INFO] nsx.nsx_object_functions.nsx_object_exporter: Skipping system/deleted service: NetBios_Datagram_(TCP)
2026-09-15T17:41:01 UTC [INFO] nsx.nsx_object_functions.nsx_object_exporter: Skipping system/deleted service: NetBios_Datagram_(UDP)
2026-09-15T17:41:01 UTC [INFO] nsx.nsx_object_functions.nsx_object_exporter: Skipping system/deleted service: NetBios_Name_Service_(TCP)
2026-09-15T17:41:01 UTC [INFO] nsx.nsx_object_functions.nsx_object_exporter: Skipping system/deleted service: NetBios_Name_Service_(UDP)
2026-09-15T17:41:01 UTC [INFO] nsx.nsx_object_functions.nsx_object_exporter: Skipping system/deleted service: NetBios_Session_Service_(TCP)
2026-09-15T17:41:01 UTC [INFO] nsx.nsx_object_functions.nsx_object_exporter: Skipping system/deleted service: NetBios_Session_Service_(UDP)
2026-09-15T17:41:01 UTC [INFO] nsx.nsx_object_functions.nsx_object_exporter: Skipping system/deleted service: OC4J_Forms_-_Reports_Instance
2026-09-15T17:41:01 UTC [INFO] nsx.nsx_object_functions.nsx_object_exporter: Skipping system/deleted service: OC4J_Forms_-_Reports_Instance_(8889)
2026-09-15T17:41:01 UTC [INFO] nsx.nsx_object_functions.nsx_object_exporter: Skipping system/deleted service: ORACLE-FORM-SERVICES
2026-09-15T17:41:01 UTC [INFO] nsx.nsx_object_functions.nsx_object_exporter: Skipping system/deleted service: ORACLE-HTTP
2026-09-15T17:41:01 UTC [INFO] nsx.nsx_object_functions.nsx_object_exporter: Skipping system/deleted service: ORACLE-XDB-FTP
2026-09-15T17:41:01 UTC [INFO] nsx.nsx_object_functions.nsx_object_exporter: Skipping system/deleted service: ORACLE_TNS
2026-09-15T17:41:01 UTC [INFO] nsx.nsx_object_functions.nsx_object_exporter: Skipping system/deleted service: OS_Agent
2026-09-15T17:41:01 UTC [INFO] nsx.nsx_object_functions.nsx_object_exporter: Skipping system/deleted service: Office_Server_Web_Services,_HTTP,_SSL
2026-09-15T17:41:01 UTC [INFO] nsx.nsx_object_functions.nsx_object_exporter: Skipping system/deleted service: Office_communication_server
2026-09-15T17:41:01 UTC [INFO] nsx.nsx_object_functions.nsx_object_exporter: Skipping system/deleted service: Oracle
2026-09-15T17:41:01 UTC [INFO] nsx.nsx_object_functions.nsx_object_exporter: Skipping system/deleted service: Oracle_Application_Server
2026-09-15T17:41:01 UTC [INFO] nsx.nsx_object_functions.nsx_object_exporter: Skipping system/deleted service: Oracle_Connection_Manager_(CMAN)
2026-09-15T17:41:01 UTC [INFO] nsx.nsx_object_functions.nsx_object_exporter: Skipping system/deleted service: Oracle_Connection_Manager_Admin_(CMAN)
2026-09-15T17:41:01 UTC [INFO] nsx.nsx_object_functions.nsx_object_exporter: Skipping system/deleted service: Oracle_Database
2026-09-15T17:41:01 UTC [INFO] nsx.nsx_object_functions.nsx_object_exporter: Skipping system/deleted service: Oracle_Enterprise_Manager
2026-09-15T17:41:01 UTC [INFO] nsx.nsx_object_functions.nsx_object_exporter: Skipping system/deleted service: Oracle_Enterprise_Manager_Web
2026-09-15T17:41:01 UTC [INFO] nsx.nsx_object_functions.nsx_object_exporter: Skipping system/deleted service: Oracle_Enterprise_Manager_Web_Console
2026-09-15T17:41:01 UTC [INFO] nsx.nsx_object_functions.nsx_object_exporter: Skipping system/deleted service: Oracle_Forms_Server_6_-_6i
2026-09-15T17:41:01 UTC [INFO] nsx.nsx_object_functions.nsx_object_exporter: Skipping system/deleted service: Oracle_GIOP_IIOP
2026-09-15T17:41:01 UTC [INFO] nsx.nsx_object_functions.nsx_object_exporter: Skipping system/deleted service: Oracle_GIOP_IIOP_for_SSL
2026-09-15T17:41:01 UTC [INFO] nsx.nsx_object_functions.nsx_object_exporter: Skipping system/deleted service: Oracle_HTTP_Server_Diagnostic_Port
2026-09-15T17:41:01 UTC [INFO] nsx.nsx_object_functions.nsx_object_exporter: Skipping system/deleted service: Oracle_HTTP_Server_Jserv_port
2026-09-15T17:41:01 UTC [INFO] nsx.nsx_object_functions.nsx_object_exporter: Skipping system/deleted service: Oracle_HTTP_Server_Port_Tunneling
2026-09-15T17:41:01 UTC [INFO] nsx.nsx_object_functions.nsx_object_exporter: Skipping system/deleted service: Oracle_HTTP_Server_SSL_port
2026-09-15T17:41:01 UTC [INFO] nsx.nsx_object_functions.nsx_object_exporter: Skipping system/deleted service: Oracle_HTTP_Server_listen_port
2026-09-15T17:41:01 UTC [INFO] nsx.nsx_object_functions.nsx_object_exporter: Skipping system/deleted service: Oracle_HTTP_Server_port
2026-09-15T17:41:01 UTC [INFO] nsx.nsx_object_functions.nsx_object_exporter: Skipping system/deleted service: Oracle_Intelligent_Agent_(1748)
2026-09-15T17:41:01 UTC [INFO] nsx.nsx_object_functions.nsx_object_exporter: Skipping system/deleted service: Oracle_Intelligent_Agent_(1754)
2026-09-15T17:41:01 UTC [INFO] nsx.nsx_object_functions.nsx_object_exporter: Skipping system/deleted service: Oracle_Intelligent_Agent_(1808)
2026-09-15T17:41:01 UTC [INFO] nsx.nsx_object_functions.nsx_object_exporter: Skipping system/deleted service: Oracle_Intelligent_Agent_(1809)
2026-09-15T17:41:01 UTC [INFO] nsx.nsx_object_functions.nsx_object_exporter: Skipping system/deleted service: Oracle_Internet_Directory(SSL)
2026-09-15T17:41:01 UTC [INFO] nsx.nsx_object_functions.nsx_object_exporter: Skipping system/deleted service: Oracle_Internet_Directory(SSL,_4031)
2026-09-15T17:41:01 UTC [INFO] nsx.nsx_object_functions.nsx_object_exporter: Skipping system/deleted service: Oracle_Internet_Directory(non-SSL)
2026-09-15T17:41:01 UTC [INFO] nsx.nsx_object_functions.nsx_object_exporter: Skipping system/deleted service: Oracle_Internet_Directory(non-SSL,_4032)
2026-09-15T17:41:01 UTC [INFO] nsx.nsx_object_functions.nsx_object_exporter: Skipping system/deleted service: Oracle_JDBC_for_Rdb_Thin_Server
2026-09-15T17:41:01 UTC [INFO] nsx.nsx_object_functions.nsx_object_exporter: Skipping system/deleted service: Oracle_Names
2026-09-15T17:41:01 UTC [INFO] nsx.nsx_object_functions.nsx_object_exporter: Skipping system/deleted service: Oracle_Net_Listener
2026-09-15T17:41:01 UTC [INFO] nsx.nsx_object_functions.nsx_object_exporter: Skipping system/deleted service: Oracle_Net_Listener_-_Enterprise_Manager_Repository_port
2026-09-15T17:41:01 UTC [INFO] nsx.nsx_object_functions.nsx_object_exporter: Skipping system/deleted service: Oracle_Notification_Service_local_port
2026-09-15T17:41:01 UTC [INFO] nsx.nsx_object_functions.nsx_object_exporter: Skipping system/deleted service: Oracle_Notification_Service_remote_port
2026-09-15T17:41:01 UTC [INFO] nsx.nsx_object_functions.nsx_object_exporter: Skipping system/deleted service: Oracle_Notification_Service_request_port
2026-09-15T17:41:01 UTC [INFO] nsx.nsx_object_functions.nsx_object_exporter: Skipping system/deleted service: Oracle_OC4J_AJP
2026-09-15T17:41:01 UTC [INFO] nsx.nsx_object_functions.nsx_object_exporter: Skipping system/deleted service: Oracle_OC4J_IIOP
2026-09-15T17:41:01 UTC [INFO] nsx.nsx_object_functions.nsx_object_exporter: Skipping system/deleted service: Oracle_OC4J_IIOPS1
2026-09-15T17:41:01 UTC [INFO] nsx.nsx_object_functions.nsx_object_exporter: Skipping system/deleted service: Oracle_OC4J_IIOPS2
2026-09-15T17:41:01 UTC [INFO] nsx.nsx_object_functions.nsx_object_exporter: Skipping system/deleted service: Oracle_OC4J_JMS
2026-09-15T17:41:01 UTC [INFO] nsx.nsx_object_functions.nsx_object_exporter: Skipping system/deleted service: Oracle_OC4J_RMI
2026-09-15T17:41:01 UTC [INFO] nsx.nsx_object_functions.nsx_object_exporter: Skipping system/deleted service: Oracle_Rdb
2026-09-15T17:41:01 UTC [INFO] nsx.nsx_object_functions.nsx_object_exporter: Skipping system/deleted service: Oracle_SOAP_Server
2026-09-15T17:41:01 UTC [INFO] nsx.nsx_object_functions.nsx_object_exporter: Skipping system/deleted service: Oracle_Times_Ten
2026-09-15T17:41:01 UTC [INFO] nsx.nsx_object_functions.nsx_object_exporter: Skipping system/deleted service: Oracle_Times_Ten_(15000)
2026-09-15T17:41:01 UTC [INFO] nsx.nsx_object_functions.nsx_object_exporter: Skipping system/deleted service: Oracle_Times_Ten_(15002)
2026-09-15T17:41:01 UTC [INFO] nsx.nsx_object_functions.nsx_object_exporter: Skipping system/deleted service: Oracle_Times_Ten_(15004)
2026-09-15T17:41:01 UTC [INFO] nsx.nsx_object_functions.nsx_object_exporter: Skipping system/deleted service: Oracle_TimesTen
2026-09-15T17:41:01 UTC [INFO] nsx.nsx_object_functions.nsx_object_exporter: Skipping system/deleted service: Oracle_TimesTen_(4758)
2026-09-15T17:41:01 UTC [INFO] nsx.nsx_object_functions.nsx_object_exporter: Skipping system/deleted service: Oracle_TimesTen_(4759)
2026-09-15T17:41:01 UTC [INFO] nsx.nsx_object_functions.nsx_object_exporter: Skipping system/deleted service: Oracle_TimesTen_(4761)
2026-09-15T17:41:01 UTC [INFO] nsx.nsx_object_functions.nsx_object_exporter: Skipping system/deleted service: Oracle_TimesTen_(4764)
2026-09-15T17:41:01 UTC [INFO] nsx.nsx_object_functions.nsx_object_exporter: Skipping system/deleted service: Oracle_TimesTen_(4766)
2026-09-15T17:41:01 UTC [INFO] nsx.nsx_object_functions.nsx_object_exporter: Skipping system/deleted service: Oracle_TimesTen_(4767)
2026-09-15T17:41:01 UTC [INFO] nsx.nsx_object_functions.nsx_object_exporter: Skipping system/deleted service: Oracle_XMLDB_FTP_Port
2026-09-15T17:41:01 UTC [INFO] nsx.nsx_object_functions.nsx_object_exporter: Skipping system/deleted service: Oracle_XMLDB_HTTP_port
2026-09-15T17:41:01 UTC [INFO] nsx.nsx_object_functions.nsx_object_exporter: Skipping system/deleted service: Oracle_i*SQLPlus
2026-09-15T17:41:01 UTC [INFO] nsx.nsx_object_functions.nsx_object_exporter: Skipping system/deleted service: Oracle-2
2026-09-15T17:41:01 UTC [INFO] nsx.nsx_object_functions.nsx_object_exporter: Skipping system/deleted service: Oracle9iAS_Clickstream_Collector_Agent
2026-09-15T17:41:01 UTC [INFO] nsx.nsx_object_functions.nsx_object_exporter: Skipping system/deleted service: Oracle9iAS_Web_Cache_Admin_port
2026-09-15T17:41:01 UTC [INFO] nsx.nsx_object_functions.nsx_object_exporter: Skipping system/deleted service: Oracle9iAS_Web_Cache_HTTP_Listen(SSL)_port
2026-09-15T17:41:01 UTC [INFO] nsx.nsx_object_functions.nsx_object_exporter: Skipping system/deleted service: Oracle9iAS_Web_Cache_HTTP_Listen(non-SSL)_port
2026-09-15T17:41:01 UTC [INFO] nsx.nsx_object_functions.nsx_object_exporter: Skipping system/deleted service: Oracle9iAS_Web_Cache_Invalidation_port
2026-09-15T17:41:01 UTC [INFO] nsx.nsx_object_functions.nsx_object_exporter: Skipping system/deleted service: Oracle9iAS_Web_Cache_Statistics_port
2026-09-15T17:41:01 UTC [INFO] nsx.nsx_object_functions.nsx_object_exporter: Skipping system/deleted service: OracleAS_Certificate_Authority_(OCA)_-_Mutual_Authentication
2026-09-15T17:41:01 UTC [INFO] nsx.nsx_object_functions.nsx_object_exporter: Skipping system/deleted service: OracleAS_Certificate_Authority_(OCA)_-_Server_Authentication
2026-09-15T17:41:01 UTC [INFO] nsx.nsx_object_functions.nsx_object_exporter: Skipping system/deleted service: Orchestrator
2026-09-15T17:41:01 UTC [INFO] nsx.nsx_object_functions.nsx_object_exporter: Skipping system/deleted service: PC_Anywhere_(TCP)
2026-09-15T17:41:01 UTC [INFO] nsx.nsx_object_functions.nsx_object_exporter: Skipping system/deleted service: PC_Anywhere_(UDP)
2026-09-15T17:41:01 UTC [INFO] nsx.nsx_object_functions.nsx_object_exporter: Skipping system/deleted service: POP3
2026-09-15T17:41:01 UTC [INFO] nsx.nsx_object_functions.nsx_object_exporter: Skipping system/deleted service: POP3_SSL
2026-09-15T17:41:01 UTC [INFO] nsx.nsx_object_functions.nsx_object_exporter: Skipping system/deleted service: PostgreSQL
2026-09-15T17:41:01 UTC [INFO] nsx.nsx_object_functions.nsx_object_exporter: Skipping system/deleted service: RDP
2026-09-15T17:41:01 UTC [INFO] nsx.nsx_object_functions.nsx_object_exporter: Skipping system/deleted service: RFB
2026-09-15T17:41:01 UTC [INFO] nsx.nsx_object_functions.nsx_object_exporter: Skipping system/deleted service: RPC,_DFSR_(SYSVOL)
2026-09-15T17:41:01 UTC [INFO] nsx.nsx_object_functions.nsx_object_exporter: Skipping system/deleted service: RTSP_(TCP)
2026-09-15T17:41:01 UTC [INFO] nsx.nsx_object_functions.nsx_object_exporter: Skipping system/deleted service: RTSP_(UDP)
2026-09-15T17:41:01 UTC [INFO] nsx.nsx_object_functions.nsx_object_exporter: Skipping system/deleted service: Routing_Engine_service
2026-09-15T17:41:01 UTC [INFO] nsx.nsx_object_functions.nsx_object_exporter: Skipping system/deleted service: SAP_Admin_console
2026-09-15T17:41:01 UTC [INFO] nsx.nsx_object_functions.nsx_object_exporter: Skipping system/deleted service: SAP_Alert_Server
2026-09-15T17:41:01 UTC [INFO] nsx.nsx_object_functions.nsx_object_exporter: Skipping system/deleted service: SAP_Backup_Server
2026-09-15T17:41:01 UTC [INFO] nsx.nsx_object_functions.nsx_object_exporter: Skipping system/deleted service: SAP_Cache_Server
2026-09-15T17:41:01 UTC [INFO] nsx.nsx_object_functions.nsx_object_exporter: Skipping system/deleted service: SAP_Central_Software_Deployment_Manager
2026-09-15T17:41:01 UTC [INFO] nsx.nsx_object_functions.nsx_object_exporter: Skipping system/deleted service: SAP_Comm
2026-09-15T17:41:01 UTC [INFO] nsx.nsx_object_functions.nsx_object_exporter: Skipping system/deleted service: SAP_Content_Server
2026-09-15T17:41:01 UTC [INFO] nsx.nsx_object_functions.nsx_object_exporter: Skipping system/deleted service: SAP_Cruiser
2026-09-15T17:41:01 UTC [INFO] nsx.nsx_object_functions.nsx_object_exporter: Skipping system/deleted service: SAP_Design_Time_Repository
2026-09-15T17:41:01 UTC [INFO] nsx.nsx_object_functions.nsx_object_exporter: Skipping system/deleted service: SAP_Dispatcher
2026-09-15T17:41:01 UTC [INFO] nsx.nsx_object_functions.nsx_object_exporter: Skipping system/deleted service: SAP_Dispatcher_Netweaver_App_Server
2026-09-15T17:41:01 UTC [INFO] nsx.nsx_object_functions.nsx_object_exporter: Skipping system/deleted service: SAP_Enqueue_Repl_2
2026-09-15T17:41:01 UTC [INFO] nsx.nsx_object_functions.nsx_object_exporter: Skipping system/deleted service: SAP_Enqueue_Svr
2026-09-15T17:41:01 UTC [INFO] nsx.nsx_object_functions.nsx_object_exporter: Skipping system/deleted service: SAP_Exchange_Groupware_Connector_(DCOM)
2026-09-15T17:41:01 UTC [INFO] nsx.nsx_object_functions.nsx_object_exporter: Skipping system/deleted service: SAP_File_Adapter
2026-09-15T17:41:01 UTC [INFO] nsx.nsx_object_functions.nsx_object_exporter: Skipping system/deleted service: SAP_GRMG_Service_(Heartbeat)
2026-09-15T17:41:01 UTC [INFO] nsx.nsx_object_functions.nsx_object_exporter: Skipping system/deleted service: SAP_Gateway_Netweaver_App_Server
2026-09-15T17:41:01 UTC [INFO] nsx.nsx_object_functions.nsx_object_exporter: Skipping system/deleted service: SAP_HTTP
2026-09-15T17:41:01 UTC [INFO] nsx.nsx_object_functions.nsx_object_exporter: Skipping system/deleted service: SAP_HTTP_Server
2026-09-15T17:41:01 UTC [INFO] nsx.nsx_object_functions.nsx_object_exporter: Skipping system/deleted service: SAP_HTTP_Server_2
2026-09-15T17:41:01 UTC [INFO] nsx.nsx_object_functions.nsx_object_exporter: Skipping system/deleted service: SAP_HTTPS
2026-09-15T17:41:01 UTC [INFO] nsx.nsx_object_functions.nsx_object_exporter: Skipping system/deleted service: SAP_HostControl
2026-09-15T17:41:01 UTC [INFO] nsx.nsx_object_functions.nsx_object_exporter: Skipping system/deleted service: SAP_HostControlS
2026-09-15T17:41:01 UTC [INFO] nsx.nsx_object_functions.nsx_object_exporter: Skipping system/deleted service: SAP_IBM
2026-09-15T17:41:01 UTC [INFO] nsx.nsx_object_functions.nsx_object_exporter: Skipping system/deleted service: SAP_ICM_HTTP
2026-09-15T17:41:01 UTC [INFO] nsx.nsx_object_functions.nsx_object_exporter: Skipping system/deleted service: SAP_IIOP
2026-09-15T17:41:01 UTC [INFO] nsx.nsx_object_functions.nsx_object_exporter: Skipping system/deleted service: SAP_IIOP_initial
2026-09-15T17:41:01 UTC [INFO] nsx.nsx_object_functions.nsx_object_exporter: Skipping system/deleted service: SAP_IIOPS
2026-09-15T17:41:01 UTC [INFO] nsx.nsx_object_functions.nsx_object_exporter: Skipping system/deleted service: SAP_IPC_Dispatcher_Mobile_client
2026-09-15T17:41:01 UTC [INFO] nsx.nsx_object_functions.nsx_object_exporter: Skipping system/deleted service: SAP_IPC_Dispatcher_Mobile_client_2
2026-09-15T17:41:01 UTC [INFO] nsx.nsx_object_functions.nsx_object_exporter: Skipping system/deleted service: SAP_IPC_Server
2026-09-15T17:41:01 UTC [INFO] nsx.nsx_object_functions.nsx_object_exporter: Skipping system/deleted service: SAP_IPC_data_loader
2026-09-15T17:41:01 UTC [INFO] nsx.nsx_object_functions.nsx_object_exporter: Skipping system/deleted service: SAP_Import_Mgr
2026-09-15T17:41:01 UTC [INFO] nsx.nsx_object_functions.nsx_object_exporter: Skipping system/deleted service: SAP_Index_Server
2026-09-15T17:41:01 UTC [INFO] nsx.nsx_object_functions.nsx_object_exporter: Skipping system/deleted service: SAP_Index_Server_2
2026-09-15T17:41:01 UTC [INFO] nsx.nsx_object_functions.nsx_object_exporter: Skipping system/deleted service: SAP_Inst
2026-09-15T17:41:01 UTC [INFO] nsx.nsx_object_functions.nsx_object_exporter: Skipping system/deleted service: SAP_Inst_on_IBM
2026-09-15T17:41:01 UTC [INFO] nsx.nsx_object_functions.nsx_object_exporter: Skipping system/deleted service: SAP_Inter_Server_COmm
2026-09-15T17:41:01 UTC [INFO] nsx.nsx_object_functions.nsx_object_exporter: Skipping system/deleted service: SAP_JDBCAdapter
2026-09-15T17:41:01 UTC [INFO] nsx.nsx_object_functions.nsx_object_exporter: Skipping system/deleted service: SAP_JMS
2026-09-15T17:41:01 UTC [INFO] nsx.nsx_object_functions.nsx_object_exporter: Skipping system/deleted service: SAP_JMS_Adapter
2026-09-15T17:41:01 UTC [INFO] nsx.nsx_object_functions.nsx_object_exporter: Skipping system/deleted service: SAP_JMS-JDBC-File_Adapter_Server
2026-09-15T17:41:01 UTC [INFO] nsx.nsx_object_functions.nsx_object_exporter: Skipping system/deleted service: SAP_Java_Debug
2026-09-15T17:41:01 UTC [INFO] nsx.nsx_object_functions.nsx_object_exporter: Skipping system/deleted service: SAP_Java_Join
2026-09-15T17:41:01 UTC [INFO] nsx.nsx_object_functions.nsx_object_exporter: Skipping system/deleted service: SAP_Layout_Server
2026-09-15T17:41:01 UTC [INFO] nsx.nsx_object_functions.nsx_object_exporter: Skipping system/deleted service: SAP_Layout_Server_2
2026-09-15T17:41:01 UTC [INFO] nsx.nsx_object_functions.nsx_object_exporter: Skipping system/deleted service: SAP_Layout_Server_Adobe_InDesign
2026-09-15T17:41:01 UTC [INFO] nsx.nsx_object_functions.nsx_object_exporter: Skipping system/deleted service: SAP_Layout_Server_Quark_Express
2026-09-15T17:41:01 UTC [INFO] nsx.nsx_object_functions.nsx_object_exporter: Skipping system/deleted service: SAP_LiveCache
2026-09-15T17:41:01 UTC [INFO] nsx.nsx_object_functions.nsx_object_exporter: Skipping system/deleted service: SAP_Lotus_Domino_-_Connector
2026-09-15T17:41:01 UTC [INFO] nsx.nsx_object_functions.nsx_object_exporter: Skipping system/deleted service: SAP_Lotus_Domino_-_Proxy
2026-09-15T17:41:01 UTC [INFO] nsx.nsx_object_functions.nsx_object_exporter: Skipping system/deleted service: SAP_MDM_Server
2026-09-15T17:41:01 UTC [INFO] nsx.nsx_object_functions.nsx_object_exporter: Skipping system/deleted service: SAP_Mapping_Manager
2026-09-15T17:41:01 UTC [INFO] nsx.nsx_object_functions.nsx_object_exporter: Skipping system/deleted service: SAP_Message_Server_HTTP
2026-09-15T17:41:01 UTC [INFO] nsx.nsx_object_functions.nsx_object_exporter: Skipping system/deleted service: SAP_Monitoring_(GRMG)
2026-09-15T17:41:01 UTC [INFO] nsx.nsx_object_functions.nsx_object_exporter: Skipping system/deleted service: SAP_Msg_Svr
2026-09-15T17:41:01 UTC [INFO] nsx.nsx_object_functions.nsx_object_exporter: Skipping system/deleted service: SAP_Msg_Svr_2
2026-09-15T17:41:01 UTC [INFO] nsx.nsx_object_functions.nsx_object_exporter: Skipping system/deleted service: SAP_Msg_Svr_HTTP
2026-09-15T17:41:01 UTC [INFO] nsx.nsx_object_functions.nsx_object_exporter: Skipping system/deleted service: SAP_Name_Server
2026-09-15T17:41:01 UTC [INFO] nsx.nsx_object_functions.nsx_object_exporter: Skipping system/deleted service: SAP_Name_Server_2
2026-09-15T17:41:01 UTC [INFO] nsx.nsx_object_functions.nsx_object_exporter: Skipping system/deleted service: SAP_Oracle_Listener
2026-09-15T17:41:01 UTC [INFO] nsx.nsx_object_functions.nsx_object_exporter: Skipping system/deleted service: SAP_P4
2026-09-15T17:41:01 UTC [INFO] nsx.nsx_object_functions.nsx_object_exporter: Skipping system/deleted service: SAP_P4_over_HTTP
2026-09-15T17:41:01 UTC [INFO] nsx.nsx_object_functions.nsx_object_exporter: Skipping system/deleted service: SAP_P4_over_SSL
2026-09-15T17:41:01 UTC [INFO] nsx.nsx_object_functions.nsx_object_exporter: Skipping system/deleted service: SAP_PAW_Communication_Server
2026-09-15T17:41:01 UTC [INFO] nsx.nsx_object_functions.nsx_object_exporter: Skipping system/deleted service: SAP_PAW_Servlet_Engine
2026-09-15T17:41:01 UTC [INFO] nsx.nsx_object_functions.nsx_object_exporter: Skipping system/deleted service: SAP_Pre_Processor
2026-09-15T17:41:01 UTC [INFO] nsx.nsx_object_functions.nsx_object_exporter: Skipping system/deleted service: SAP_Pre_Processor_2
2026-09-15T17:41:01 UTC [INFO] nsx.nsx_object_functions.nsx_object_exporter: Skipping system/deleted service: SAP_Queue_Server
2026-09-15T17:41:01 UTC [INFO] nsx.nsx_object_functions.nsx_object_exporter: Skipping system/deleted service: SAP_Queue_Server_2
2026-09-15T17:41:01 UTC [INFO] nsx.nsx_object_functions.nsx_object_exporter: Skipping system/deleted service: SAP_RFC_Server
2026-09-15T17:41:01 UTC [INFO] nsx.nsx_object_functions.nsx_object_exporter: Skipping system/deleted service: SAP_Router
2026-09-15T17:41:01 UTC [INFO] nsx.nsx_object_functions.nsx_object_exporter: Skipping system/deleted service: SAP_SDM-SL
2026-09-15T17:41:01 UTC [INFO] nsx.nsx_object_functions.nsx_object_exporter: Skipping system/deleted service: SAP_SNC_secured_gateway
2026-09-15T17:41:01 UTC [INFO] nsx.nsx_object_functions.nsx_object_exporter: Skipping system/deleted service: SAP_Start_Service
2026-09-15T17:41:01 UTC [INFO] nsx.nsx_object_functions.nsx_object_exporter: Skipping system/deleted service: SAP_Start_Service_2
2026-09-15T17:41:01 UTC [INFO] nsx.nsx_object_functions.nsx_object_exporter: Skipping system/deleted service: SAP_Syndicator_Service
2026-09-15T17:41:01 UTC [INFO] nsx.nsx_object_functions.nsx_object_exporter: Skipping system/deleted service: SAP_Telnet
2026-09-15T17:41:01 UTC [INFO] nsx.nsx_object_functions.nsx_object_exporter: Skipping system/deleted service: SAP_Upgrade
2026-09-15T17:41:01 UTC [INFO] nsx.nsx_object_functions.nsx_object_exporter: Skipping system/deleted service: SAP_gateway_-_CPIC-RFC
2026-09-15T17:41:01 UTC [INFO] nsx.nsx_object_functions.nsx_object_exporter: Skipping system/deleted service: SAP_gateway-replication
2026-09-15T17:41:01 UTC [INFO] nsx.nsx_object_functions.nsx_object_exporter: Skipping system/deleted service: SAP_network_Test_Program
2026-09-15T17:41:01 UTC [INFO] nsx.nsx_object_functions.nsx_object_exporter: Skipping system/deleted service: SAP_printer_spooler
2026-09-15T17:41:01 UTC [INFO] nsx.nsx_object_functions.nsx_object_exporter: Skipping system/deleted service: SIP_5060
2026-09-15T17:41:01 UTC [INFO] nsx.nsx_object_functions.nsx_object_exporter: Skipping system/deleted service: SIP_5061
2026-09-15T17:41:01 UTC [INFO] nsx.nsx_object_functions.nsx_object_exporter: Skipping system/deleted service: SMB
2026-09-15T17:41:01 UTC [INFO] nsx.nsx_object_functions.nsx_object_exporter: Skipping system/deleted service: SMB_Server
2026-09-15T17:41:01 UTC [INFO] nsx.nsx_object_functions.nsx_object_exporter: Skipping system/deleted service: SMB_Server_UDP
2026-09-15T17:41:01 UTC [INFO] nsx.nsx_object_functions.nsx_object_exporter: Skipping system/deleted service: SMTP
2026-09-15T17:41:01 UTC [INFO] nsx.nsx_object_functions.nsx_object_exporter: Skipping system/deleted service: SMTP_TLS
2026-09-15T17:41:01 UTC [INFO] nsx.nsx_object_functions.nsx_object_exporter: Skipping system/deleted service: SNMP
2026-09-15T17:41:01 UTC [INFO] nsx.nsx_object_functions.nsx_object_exporter: Skipping system/deleted service: SNMP-Receive
2026-09-15T17:41:01 UTC [INFO] nsx.nsx_object_functions.nsx_object_exporter: Skipping system/deleted service: SNMP-Send
2026-09-15T17:41:01 UTC [INFO] nsx.nsx_object_functions.nsx_object_exporter: Skipping system/deleted service: SOAP
2026-09-15T17:41:01 UTC [INFO] nsx.nsx_object_functions.nsx_object_exporter: Skipping system/deleted service: SQL_Analysis_service
2026-09-15T17:41:01 UTC [INFO] nsx.nsx_object_functions.nsx_object_exporter: Skipping system/deleted service: SQL_Server_Browser_service
2026-09-15T17:41:01 UTC [INFO] nsx.nsx_object_functions.nsx_object_exporter: Skipping system/deleted service: SSH
2026-09-15T17:41:01 UTC [INFO] nsx.nsx_object_functions.nsx_object_exporter: Skipping system/deleted service: SUN_RPC_TCP
2026-09-15T17:41:01 UTC [INFO] nsx.nsx_object_functions.nsx_object_exporter: Skipping system/deleted service: SUN_RPC_UDP
2026-09-15T17:41:01 UTC [INFO] nsx.nsx_object_functions.nsx_object_exporter: Skipping system/deleted service: Server_Message_Block_(SMB)
2026-09-15T17:41:01 UTC [INFO] nsx.nsx_object_functions.nsx_object_exporter: Skipping system/deleted service: SharePoint_2007_V1
2026-09-15T17:41:01 UTC [INFO] nsx.nsx_object_functions.nsx_object_exporter: Skipping system/deleted service: SharePoint_2010_V1
2026-09-15T17:41:01 UTC [INFO] nsx.nsx_object_functions.nsx_object_exporter: Skipping system/deleted service: Site_Recovery_Manager_5.x
2026-09-15T17:41:01 UTC [INFO] nsx.nsx_object_functions.nsx_object_exporter: Skipping system/deleted service: Site_Recovery_Manager_6.x
2026-09-15T17:41:01 UTC [INFO] nsx.nsx_object_functions.nsx_object_exporter: Skipping system/deleted service: Site_Replication_service
2026-09-15T17:41:01 UTC [INFO] nsx.nsx_object_functions.nsx_object_exporter: Skipping system/deleted service: Skinny
2026-09-15T17:41:01 UTC [INFO] nsx.nsx_object_functions.nsx_object_exporter: Skipping system/deleted service: Syslog_(TCP)
2026-09-15T17:41:01 UTC [INFO] nsx.nsx_object_functions.nsx_object_exporter: Skipping system/deleted service: Syslog_(UDP)
2026-09-15T17:41:01 UTC [INFO] nsx.nsx_object_functions.nsx_object_exporter: Skipping system/deleted service: Syslog-Server
2026-09-15T17:41:01 UTC [INFO] nsx.nsx_object_functions.nsx_object_exporter: Skipping system/deleted service: Syslog-Server-UDP
2026-09-15T17:41:01 UTC [INFO] nsx.nsx_object_functions.nsx_object_exporter: Skipping system/deleted service: T120_(Whiteboard_A43)
2026-09-15T17:41:01 UTC [INFO] nsx.nsx_object_functions.nsx_object_exporter: Skipping system/deleted service: TELNET
2026-09-15T17:41:01 UTC [INFO] nsx.nsx_object_functions.nsx_object_exporter: Skipping system/deleted service: TFTP
2026-09-15T17:41:01 UTC [INFO] nsx.nsx_object_functions.nsx_object_exporter: Skipping system/deleted service: Terminal_Services_(TCP)
2026-09-15T17:41:01 UTC [INFO] nsx.nsx_object_functions.nsx_object_exporter: Skipping system/deleted service: Terminal_Services_(UDP)
2026-09-15T17:41:01 UTC [INFO] nsx.nsx_object_functions.nsx_object_exporter: Skipping system/deleted service: Update_Manager
2026-09-15T17:41:01 UTC [INFO] nsx.nsx_object_functions.nsx_object_exporter: Skipping system/deleted service: VMware_Consolidated_Backup
2026-09-15T17:41:01 UTC [INFO] nsx.nsx_object_functions.nsx_object_exporter: Skipping system/deleted service: VMware_ESXi_Dump_Collector
2026-09-15T17:41:01 UTC [INFO] nsx.nsx_object_functions.nsx_object_exporter: Skipping system/deleted service: VMware_VMotion
2026-09-15T17:41:01 UTC [INFO] nsx.nsx_object_functions.nsx_object_exporter: Skipping system/deleted service: VMware-CIMSLP
2026-09-15T17:41:01 UTC [INFO] nsx.nsx_object_functions.nsx_object_exporter: Skipping system/deleted service: VMware-DVS
2026-09-15T17:41:01 UTC [INFO] nsx.nsx_object_functions.nsx_object_exporter: Skipping system/deleted service: VMware-DataRecovery
2026-09-15T17:41:01 UTC [INFO] nsx.nsx_object_functions.nsx_object_exporter: Skipping system/deleted service: VMware-ESXi5.x-TCP
2026-09-15T17:41:01 UTC [INFO] nsx.nsx_object_functions.nsx_object_exporter: Skipping system/deleted service: VMware-ESXi5.x-UDP
2026-09-15T17:41:01 UTC [INFO] nsx.nsx_object_functions.nsx_object_exporter: Skipping system/deleted service: VMware-HA-TCP
2026-09-15T17:41:01 UTC [INFO] nsx.nsx_object_functions.nsx_object_exporter: Skipping system/deleted service: VMware-HA-UDP
2026-09-15T17:41:01 UTC [INFO] nsx.nsx_object_functions.nsx_object_exporter: Skipping system/deleted service: VMware-SPS
2026-09-15T17:41:01 UTC [INFO] nsx.nsx_object_functions.nsx_object_exporter: Skipping system/deleted service: VMware-SRM-H5-UI
2026-09-15T17:41:01 UTC [INFO] nsx.nsx_object_functions.nsx_object_exporter: Skipping system/deleted service: VMware-SRM-HTTP
2026-09-15T17:41:01 UTC [INFO] nsx.nsx_object_functions.nsx_object_exporter: Skipping system/deleted service: VMware-SRM-Replication
2026-09-15T17:41:01 UTC [INFO] nsx.nsx_object_functions.nsx_object_exporter: Skipping system/deleted service: VMware-SRM-SOAP
2026-09-15T17:41:01 UTC [INFO] nsx.nsx_object_functions.nsx_object_exporter: Skipping system/deleted service: VMware-SRM-Server-Management
2026-09-15T17:41:01 UTC [INFO] nsx.nsx_object_functions.nsx_object_exporter: Skipping system/deleted service: VMware-SRM-UI
2026-09-15T17:41:01 UTC [INFO] nsx.nsx_object_functions.nsx_object_exporter: Skipping system/deleted service: VMware-SRM-VAMI
2026-09-15T17:41:01 UTC [INFO] nsx.nsx_object_functions.nsx_object_exporter: Skipping system/deleted service: VMware-SRM-vCentreServer
2026-09-15T17:41:01 UTC [INFO] nsx.nsx_object_functions.nsx_object_exporter: Skipping system/deleted service: VMware-SRM-vSphereReplication
2026-09-15T17:41:01 UTC [INFO] nsx.nsx_object_functions.nsx_object_exporter: Skipping system/deleted service: VMware-SRMClient-Server
2026-09-15T17:41:01 UTC [INFO] nsx.nsx_object_functions.nsx_object_exporter: Skipping system/deleted service: VMware-UpdateMgr
2026-09-15T17:41:01 UTC [INFO] nsx.nsx_object_functions.nsx_object_exporter: Skipping system/deleted service: VMware-UpdateMgr-Patching
2026-09-15T17:41:01 UTC [INFO] nsx.nsx_object_functions.nsx_object_exporter: Skipping system/deleted service: VMware-UpdateMgr-SOAP
2026-09-15T17:41:01 UTC [INFO] nsx.nsx_object_functions.nsx_object_exporter: Skipping system/deleted service: VMware-UpdateMgr-VUM
2026-09-15T17:41:01 UTC [INFO] nsx.nsx_object_functions.nsx_object_exporter: Skipping system/deleted service: VMware-VC-DPM
2026-09-15T17:41:01 UTC [INFO] nsx.nsx_object_functions.nsx_object_exporter: Skipping system/deleted service: VMware-VC-DumpCollector-TCP
2026-09-15T17:41:01 UTC [INFO] nsx.nsx_object_functions.nsx_object_exporter: Skipping system/deleted service: VMware-VC-DumpSvr
2026-09-15T17:41:01 UTC [INFO] nsx.nsx_object_functions.nsx_object_exporter: Skipping system/deleted service: VMware-VC-ESXi
2026-09-15T17:41:01 UTC [INFO] nsx.nsx_object_functions.nsx_object_exporter: Skipping system/deleted service: VMware-VC-RemoteConsole
2026-09-15T17:41:01 UTC [INFO] nsx.nsx_object_functions.nsx_object_exporter: Skipping system/deleted service: VMware-VC-Syslog
2026-09-15T17:41:01 UTC [INFO] nsx.nsx_object_functions.nsx_object_exporter: Skipping system/deleted service: VMware-VCO-Command
2026-09-15T17:41:01 UTC [INFO] nsx.nsx_object_functions.nsx_object_exporter: Skipping system/deleted service: VMware-VCO-Data
2026-09-15T17:41:01 UTC [INFO] nsx.nsx_object_functions.nsx_object_exporter: Skipping system/deleted service: VMware-VCO-Messaging
2026-09-15T17:41:01 UTC [INFO] nsx.nsx_object_functions.nsx_object_exporter: Skipping system/deleted service: VMware-VCO-VCO-HTTPS
2026-09-15T17:41:01 UTC [INFO] nsx.nsx_object_functions.nsx_object_exporter: Skipping system/deleted service: VMware-VCO-WebHTTP
2026-09-15T17:41:01 UTC [INFO] nsx.nsx_object_functions.nsx_object_exporter: Skipping system/deleted service: VMware-VCO-WebHTTPS
2026-09-15T17:41:01 UTC [INFO] nsx.nsx_object_functions.nsx_object_exporter: Skipping system/deleted service: VMware-VCOMgr-UI
2026-09-15T17:41:01 UTC [INFO] nsx.nsx_object_functions.nsx_object_exporter: Skipping system/deleted service: VMware-VCOStdAln-Heartbeat
2026-09-15T17:41:01 UTC [INFO] nsx.nsx_object_functions.nsx_object_exporter: Skipping system/deleted service: VMware-VDM2.x-Ephemeral
2026-09-15T17:41:01 UTC [INFO] nsx.nsx_object_functions.nsx_object_exporter: Skipping system/deleted service: VMware-VDM2.x-RGS
2026-09-15T17:41:01 UTC [INFO] nsx.nsx_object_functions.nsx_object_exporter: Skipping system/deleted service: VMware-VR-Replication-Traffic
2026-09-15T17:41:01 UTC [INFO] nsx.nsx_object_functions.nsx_object_exporter: Skipping system/deleted service: VMware-VR-Server-Management-Traffic
2026-09-15T17:41:01 UTC [INFO] nsx.nsx_object_functions.nsx_object_exporter: Skipping system/deleted service: VMware-View-PCoIP
2026-09-15T17:41:01 UTC [INFO] nsx.nsx_object_functions.nsx_object_exporter: Skipping system/deleted service: VMware-View5.x-JMS
2026-09-15T17:41:01 UTC [INFO] nsx.nsx_object_functions.nsx_object_exporter: Skipping system/deleted service: VMware-View5.x-PCoIP-UDP
2026-09-15T17:41:01 UTC [INFO] nsx.nsx_object_functions.nsx_object_exporter: Skipping system/deleted service: VMware-iSCSI-Server
2026-09-15T17:41:01 UTC [INFO] nsx.nsx_object_functions.nsx_object_exporter: Skipping system/deleted service: View_5.x
2026-09-15T17:41:01 UTC [INFO] nsx.nsx_object_functions.nsx_object_exporter: Skipping system/deleted service: Vmware_View-VDM2.x
2026-09-15T17:41:01 UTC [INFO] nsx.nsx_object_functions.nsx_object_exporter: Skipping system/deleted service: Vmware-FT-TCP
2026-09-15T17:41:01 UTC [INFO] nsx.nsx_object_functions.nsx_object_exporter: Skipping system/deleted service: Vmware-FT-UDP
2026-09-15T17:41:01 UTC [INFO] nsx.nsx_object_functions.nsx_object_exporter: Skipping system/deleted service: Vmware-Heartbeat-PrimarySecondary
2026-09-15T17:41:01 UTC [INFO] nsx.nsx_object_functions.nsx_object_exporter: Skipping system/deleted service: Vmware-SRM-WSDL-vCentreServer
2026-09-15T17:41:01 UTC [INFO] nsx.nsx_object_functions.nsx_object_exporter: Skipping system/deleted service: Vmware-UpdateMgr-update
2026-09-15T17:41:01 UTC [INFO] nsx.nsx_object_functions.nsx_object_exporter: Skipping system/deleted service: Vmware-VC-HTTP
2026-09-15T17:41:01 UTC [INFO] nsx.nsx_object_functions.nsx_object_exporter: Skipping system/deleted service: Vmware-VC-VC-Internal
2026-09-15T17:41:01 UTC [INFO] nsx.nsx_object_functions.nsx_object_exporter: Skipping system/deleted service: Vmware-VC-WebAccess
2026-09-15T17:41:01 UTC [INFO] nsx.nsx_object_functions.nsx_object_exporter: Skipping system/deleted service: Vmware-VCHeartbeat
2026-09-15T17:41:01 UTC [INFO] nsx.nsx_object_functions.nsx_object_exporter: Skipping system/deleted service: Vmware-VCO-Lookup
2026-09-15T17:41:01 UTC [INFO] nsx.nsx_object_functions.nsx_object_exporter: Skipping system/deleted service: Vmware-VCO-VCO-HTTP
2026-09-15T17:41:01 UTC [INFO] nsx.nsx_object_functions.nsx_object_exporter: Skipping system/deleted service: Vmware-VCOStdAln-Remote
2026-09-15T17:41:01 UTC [INFO] nsx.nsx_object_functions.nsx_object_exporter: Skipping system/deleted service: Vmware-VDM2.x-AJP
2026-09-15T17:41:01 UTC [INFO] nsx.nsx_object_functions.nsx_object_exporter: Skipping system/deleted service: Vmware-VDM2.x-JMS
2026-09-15T17:41:01 UTC [INFO] nsx.nsx_object_functions.nsx_object_exporter: Skipping system/deleted service: WINS
2026-09-15T17:41:01 UTC [INFO] nsx.nsx_object_functions.nsx_object_exporter: Skipping system/deleted service: WINS-UDP
2026-09-15T17:41:01 UTC [INFO] nsx.nsx_object_functions.nsx_object_exporter: Skipping system/deleted service: Win_-_RPC,_DCOM,_EPM,_DRSUAPI,_NetLogonR,_SamR,_FRS_-_TCP
2026-09-15T17:41:01 UTC [INFO] nsx.nsx_object_functions.nsx_object_exporter: Skipping system/deleted service: Win_-_RPC,_DCOM,_EPM,_DRSUAPI,_NetLogonR,_SamR,_FRS_-_UDP
2026-09-15T17:41:01 UTC [INFO] nsx.nsx_object_functions.nsx_object_exporter: Skipping system/deleted service: Win_2003_-_RPC,_DCOM,_EPM,_DRSUAPI,_NetLogonR,_SamR,_FRS
2026-09-15T17:41:01 UTC [INFO] nsx.nsx_object_functions.nsx_object_exporter: Skipping system/deleted service: Win_2008_-_RPC,_DCOM,_EPM,_DRSUAPI,_NetLogonR,_SamR,_FRS
2026-09-15T17:41:01 UTC [INFO] nsx.nsx_object_functions.nsx_object_exporter: Skipping system/deleted service: Windows-Global-Catalog
2026-09-15T17:41:01 UTC [INFO] nsx.nsx_object_functions.nsx_object_exporter: Skipping system/deleted service: Windows-Global-Catalog-over-SSL
2026-09-15T17:41:01 UTC [INFO] nsx.nsx_object_functions.nsx_object_exporter: Skipping system/deleted service: Yahoo_Messenger_(TCP)
2026-09-15T17:41:01 UTC [INFO] nsx.nsx_object_functions.nsx_object_exporter: Skipping system/deleted service: Yahoo_Messenger_(UDP)
2026-09-15T17:41:01 UTC [INFO] nsx.nsx_object_functions.nsx_object_exporter: Skipping system/deleted service: iSQLPlus_10g
2026-09-15T17:41:01 UTC [INFO] nsx.nsx_object_functions.nsx_object_exporter: Skipping system/deleted service: iSQLPlus_10g_(5580)
2026-09-15T17:41:01 UTC [INFO] nsx.nsx_object_functions.nsx_object_exporter: Skipping system/deleted service: vCenter5.x_V1
2026-09-15T17:41:01 UTC [INFO] nsx.nsx_object_functions.nsx_object_exporter: Skipping system/deleted service: vCentre_Operations_Manager_(Standalone)_5.x
2026-09-15T17:41:01 UTC [INFO] nsx.nsx_object_functions.nsx_object_exporter: Skipping system/deleted service: vCentre_Operations_Manager_(vApp)_5.x
2026-09-15T17:41:01 UTC [INFO] nsx.nsx_object_functions.nsx_object_exporter: Skipping system/deleted service: vCentre_Operations_Standard_1.x
2026-09-15T17:41:01 UTC [INFO] __main__: GET /global-manager/api/v1/global-infra/domains/nsx-lm1.lab.local/security-policies
2026-09-15T17:41:01 UTC [INFO] __main__: Exporting domain: nsx-lm2.lab.local
2026-09-15T17:41:01 UTC [INFO] __main__: GET /global-manager/api/v1/global-infra/domains/nsx-lm2.lab.local/groups
2026-09-15T17:41:01 UTC [INFO] __main__: GET /global-manager/api/v1/global-infra/services
2026-09-15T17:41:01 UTC [INFO] nsx.nsx_object_functions.nsx_object_exporter: Skipping system/deleted service: AD_Server
2026-09-15T17:41:01 UTC [INFO] nsx.nsx_object_functions.nsx_object_exporter: Skipping system/deleted service: Active_Directory_Server
2026-09-15T17:41:01 UTC [INFO] nsx.nsx_object_functions.nsx_object_exporter: Skipping system/deleted service: Active_Directory_Server_UDP
2026-09-15T17:41:01 UTC [INFO] nsx.nsx_object_functions.nsx_object_exporter: Skipping system/deleted service: CIM-HTTP
2026-09-15T17:41:01 UTC [INFO] nsx.nsx_object_functions.nsx_object_exporter: Skipping system/deleted service: CIM-HTTPS
2026-09-15T17:41:01 UTC [INFO] nsx.nsx_object_functions.nsx_object_exporter: Skipping system/deleted service: DCM_Java_Object_Cache_port
2026-09-15T17:41:01 UTC [INFO] nsx.nsx_object_functions.nsx_object_exporter: Skipping system/deleted service: DHCP,_MADCAP
2026-09-15T17:41:01 UTC [INFO] nsx.nsx_object_functions.nsx_object_exporter: Skipping system/deleted service: DHCP-Client
2026-09-15T17:41:01 UTC [INFO] nsx.nsx_object_functions.nsx_object_exporter: Skipping system/deleted service: DHCP-Server
2026-09-15T17:41:01 UTC [INFO] nsx.nsx_object_functions.nsx_object_exporter: Skipping system/deleted service: DHCPv6_Client
2026-09-15T17:41:01 UTC [INFO] nsx.nsx_object_functions.nsx_object_exporter: Skipping system/deleted service: DHCPv6_Server
2026-09-15T17:41:01 UTC [INFO] nsx.nsx_object_functions.nsx_object_exporter: Skipping system/deleted service: DNS
2026-09-15T17:41:01 UTC [INFO] nsx.nsx_object_functions.nsx_object_exporter: Skipping system/deleted service: DNS-UDP
2026-09-15T17:41:01 UTC [INFO] nsx.nsx_object_functions.nsx_object_exporter: Skipping system/deleted service: Data_Recovery_Appliance
2026-09-15T17:41:01 UTC [INFO] nsx.nsx_object_functions.nsx_object_exporter: Skipping system/deleted service: Directory_Services
2026-09-15T17:41:01 UTC [INFO] nsx.nsx_object_functions.nsx_object_exporter: Skipping system/deleted service: ESXi_Syslog_Collector
2026-09-15T17:41:01 UTC [INFO] nsx.nsx_object_functions.nsx_object_exporter: Skipping system/deleted service: EdgeSync_service
2026-09-15T17:41:01 UTC [INFO] nsx.nsx_object_functions.nsx_object_exporter: Skipping system/deleted service: EdgeSync_service-ADAM
2026-09-15T17:41:01 UTC [INFO] nsx.nsx_object_functions.nsx_object_exporter: Skipping system/deleted service: Enterprise_Manager_RMI_port
2026-09-15T17:41:01 UTC [INFO] nsx.nsx_object_functions.nsx_object_exporter: Skipping system/deleted service: Enterprise_Manager_Reporting_port
2026-09-15T17:41:01 UTC [INFO] nsx.nsx_object_functions.nsx_object_exporter: Skipping system/deleted service: Enterprise_Manager_Servlet_port_SSL
2026-09-15T17:41:01 UTC [INFO] nsx.nsx_object_functions.nsx_object_exporter: Skipping system/deleted service: Enterprise_ManagerAgent_port
2026-09-15T17:41:01 UTC [INFO] nsx.nsx_object_functions.nsx_object_exporter: Skipping system/deleted service: Exchange_ActiveSync
2026-09-15T17:41:01 UTC [INFO] nsx.nsx_object_functions.nsx_object_exporter: Skipping system/deleted service: FTP
2026-09-15T17:41:01 UTC [INFO] nsx.nsx_object_functions.nsx_object_exporter: Skipping system/deleted service: For_X.400_connections_over_TCP
2026-09-15T17:41:01 UTC [INFO] nsx.nsx_object_functions.nsx_object_exporter: Skipping system/deleted service: H323_Call_Signaling
2026-09-15T17:41:01 UTC [INFO] nsx.nsx_object_functions.nsx_object_exporter: Skipping system/deleted service: H323_Gatekeeper_Discovery
2026-09-15T17:41:01 UTC [INFO] nsx.nsx_object_functions.nsx_object_exporter: Skipping system/deleted service: HBR_Server_App
2026-09-15T17:41:01 UTC [INFO] nsx.nsx_object_functions.nsx_object_exporter: Skipping system/deleted service: HTTP
2026-09-15T17:41:01 UTC [INFO] nsx.nsx_object_functions.nsx_object_exporter: Skipping system/deleted service: HTTPS
2026-09-15T17:41:01 UTC [INFO] nsx.nsx_object_functions.nsx_object_exporter: Skipping system/deleted service: HTTPS,_net.tcp_binding
2026-09-15T17:41:01 UTC [INFO] nsx.nsx_object_functions.nsx_object_exporter: Skipping system/deleted service: Heartbeat
2026-09-15T17:41:01 UTC [INFO] nsx.nsx_object_functions.nsx_object_exporter: Skipping system/deleted service: IBM_DB2
2026-09-15T17:41:01 UTC [INFO] nsx.nsx_object_functions.nsx_object_exporter: Skipping system/deleted service: ICMP-ALL
2026-09-15T17:41:01 UTC [INFO] nsx.nsx_object_functions.nsx_object_exporter: Skipping system/deleted service: ICMP_Destination_Unreachable
2026-09-15T17:41:01 UTC [INFO] nsx.nsx_object_functions.nsx_object_exporter: Skipping system/deleted service: ICMP_Echo_Reply
2026-09-15T17:41:01 UTC [INFO] nsx.nsx_object_functions.nsx_object_exporter: Skipping system/deleted service: ICMP_Echo_Request
2026-09-15T17:41:01 UTC [INFO] nsx.nsx_object_functions.nsx_object_exporter: Skipping system/deleted service: ICMP_Redirect
2026-09-15T17:41:01 UTC [INFO] nsx.nsx_object_functions.nsx_object_exporter: Skipping system/deleted service: ICMP_Router_Advertisement
2026-09-15T17:41:01 UTC [INFO] nsx.nsx_object_functions.nsx_object_exporter: Skipping system/deleted service: ICMP_Router_Solicitation
2026-09-15T17:41:01 UTC [INFO] nsx.nsx_object_functions.nsx_object_exporter: Skipping system/deleted service: ICMP_Source_Quench
2026-09-15T17:41:01 UTC [INFO] nsx.nsx_object_functions.nsx_object_exporter: Skipping system/deleted service: ICMP_Time_Exceeded
2026-09-15T17:41:01 UTC [INFO] nsx.nsx_object_functions.nsx_object_exporter: Skipping system/deleted service: ICMPv4-ALL
2026-09-15T17:41:01 UTC [INFO] nsx.nsx_object_functions.nsx_object_exporter: Skipping system/deleted service: ICMPv6-ALL
2026-09-15T17:41:01 UTC [INFO] nsx.nsx_object_functions.nsx_object_exporter: Skipping system/deleted service: IGMP_Leave_Group
2026-09-15T17:41:01 UTC [INFO] nsx.nsx_object_functions.nsx_object_exporter: Skipping system/deleted service: IGMP_Membership_Query
2026-09-15T17:41:01 UTC [INFO] nsx.nsx_object_functions.nsx_object_exporter: Skipping system/deleted service: IGMP_V2_Membership_Report
2026-09-15T17:41:01 UTC [INFO] nsx.nsx_object_functions.nsx_object_exporter: Skipping system/deleted service: IGMP_V3_Membership_Report
2026-09-15T17:41:01 UTC [INFO] nsx.nsx_object_functions.nsx_object_exporter: Skipping system/deleted service: IKE_(Key_Exchange)
2026-09-15T17:41:01 UTC [INFO] nsx.nsx_object_functions.nsx_object_exporter: Skipping system/deleted service: IKE_(NAT_Traversal)
2026-09-15T17:41:01 UTC [INFO] nsx.nsx_object_functions.nsx_object_exporter: Skipping system/deleted service: IMAP
2026-09-15T17:41:01 UTC [INFO] nsx.nsx_object_functions.nsx_object_exporter: Skipping system/deleted service: IMAP_SSL
2026-09-15T17:41:01 UTC [INFO] nsx.nsx_object_functions.nsx_object_exporter: Skipping system/deleted service: IPv6-ICMP_Destination_Unreachable
2026-09-15T17:41:01 UTC [INFO] nsx.nsx_object_functions.nsx_object_exporter: Skipping system/deleted service: IPv6-ICMP_Echo_Reply
2026-09-15T17:41:01 UTC [INFO] nsx.nsx_object_functions.nsx_object_exporter: Skipping system/deleted service: IPv6-ICMP_Echo_Request
2026-09-15T17:41:01 UTC [INFO] nsx.nsx_object_functions.nsx_object_exporter: Skipping system/deleted service: IPv6-ICMP_Multicast_Listener_Done
2026-09-15T17:41:01 UTC [INFO] nsx.nsx_object_functions.nsx_object_exporter: Skipping system/deleted service: IPv6-ICMP_Multicast_Listener_Query
2026-09-15T17:41:01 UTC [INFO] nsx.nsx_object_functions.nsx_object_exporter: Skipping system/deleted service: IPv6-ICMP_Multicast_Listener_Report
2026-09-15T17:41:01 UTC [INFO] nsx.nsx_object_functions.nsx_object_exporter: Skipping system/deleted service: IPv6-ICMP_Neighbor_Advertisement
2026-09-15T17:41:01 UTC [INFO] nsx.nsx_object_functions.nsx_object_exporter: Skipping system/deleted service: IPv6-ICMP_Neighbor_Solicitation
2026-09-15T17:41:01 UTC [INFO] nsx.nsx_object_functions.nsx_object_exporter: Skipping system/deleted service: IPv6-ICMP_Packet_Too_Big
2026-09-15T17:41:01 UTC [INFO] nsx.nsx_object_functions.nsx_object_exporter: Skipping system/deleted service: IPv6-ICMP_Parameter_Problem
2026-09-15T17:41:01 UTC [INFO] nsx.nsx_object_functions.nsx_object_exporter: Skipping system/deleted service: IPv6-ICMP_Time_Exceeded
2026-09-15T17:41:01 UTC [INFO] nsx.nsx_object_functions.nsx_object_exporter: Skipping system/deleted service: IPv6-ICMP_Version_2_Multicast_Listener
2026-09-15T17:41:01 UTC [INFO] nsx.nsx_object_functions.nsx_object_exporter: Skipping system/deleted service: ISAKMP
2026-09-15T17:41:01 UTC [INFO] nsx.nsx_object_functions.nsx_object_exporter: Skipping system/deleted service: Java_Object_Cache_port
2026-09-15T17:41:01 UTC [INFO] nsx.nsx_object_functions.nsx_object_exporter: Skipping system/deleted service: KERBEROS
2026-09-15T17:41:01 UTC [INFO] nsx.nsx_object_functions.nsx_object_exporter: Skipping system/deleted service: KERBEROS-TCP
2026-09-15T17:41:01 UTC [INFO] nsx.nsx_object_functions.nsx_object_exporter: Skipping system/deleted service: KERBEROS-UDP
2026-09-15T17:41:01 UTC [INFO] nsx.nsx_object_functions.nsx_object_exporter: Skipping system/deleted service: LDAP
2026-09-15T17:41:01 UTC [INFO] nsx.nsx_object_functions.nsx_object_exporter: Skipping system/deleted service: LDAP_Global_Catalog
2026-09-15T17:41:01 UTC [INFO] nsx.nsx_object_functions.nsx_object_exporter: Skipping system/deleted service: LDAP-UDP
2026-09-15T17:41:01 UTC [INFO] nsx.nsx_object_functions.nsx_object_exporter: Skipping system/deleted service: LDAP-over-SSL
2026-09-15T17:41:01 UTC [INFO] nsx.nsx_object_functions.nsx_object_exporter: Skipping system/deleted service: LDAP-over-SSL-UDP
2026-09-15T17:41:01 UTC [INFO] nsx.nsx_object_functions.nsx_object_exporter: Skipping system/deleted service: Log_Loader
2026-09-15T17:41:01 UTC [INFO] nsx.nsx_object_functions.nsx_object_exporter: Skipping system/deleted service: MGCP_(TCP)
2026-09-15T17:41:01 UTC [INFO] nsx.nsx_object_functions.nsx_object_exporter: Skipping system/deleted service: MGCP_(UDP)
2026-09-15T17:41:01 UTC [INFO] nsx.nsx_object_functions.nsx_object_exporter: Skipping system/deleted service: MS_Customizable
2026-09-15T17:41:01 UTC [INFO] nsx.nsx_object_functions.nsx_object_exporter: Skipping system/deleted service: MS_Exchange_2007_Client_Access_Server
2026-09-15T17:41:01 UTC [INFO] nsx.nsx_object_functions.nsx_object_exporter: Skipping system/deleted service: MS_Exchange_2007_Mailbox_Servers
2026-09-15T17:41:01 UTC [INFO] nsx.nsx_object_functions.nsx_object_exporter: Skipping system/deleted service: MS_Exchange_2007_Transport_Servers
2026-09-15T17:41:01 UTC [INFO] nsx.nsx_object_functions.nsx_object_exporter: Skipping system/deleted service: MS_Exchange_2007_Unified_Messaging_Centre
2026-09-15T17:41:01 UTC [INFO] nsx.nsx_object_functions.nsx_object_exporter: Skipping system/deleted service: MS_Exchange_2010_Client_Access_Servers
2026-09-15T17:41:01 UTC [INFO] nsx.nsx_object_functions.nsx_object_exporter: Skipping system/deleted service: MS_Exchange_2010_Mailbox_Servers
2026-09-15T17:41:01 UTC [INFO] nsx.nsx_object_functions.nsx_object_exporter: Skipping system/deleted service: MS_Exchange_2010_Transport_Servers
2026-09-15T17:41:01 UTC [INFO] nsx.nsx_object_functions.nsx_object_exporter: Skipping system/deleted service: MS_Exchange_2010_Unified_Messaging_Server
2026-09-15T17:41:01 UTC [INFO] nsx.nsx_object_functions.nsx_object_exporter: Skipping system/deleted service: MS_Replication_service
2026-09-15T17:41:01 UTC [INFO] nsx.nsx_object_functions.nsx_object_exporter: Skipping system/deleted service: MS_Unified_Messaging_server
2026-09-15T17:41:01 UTC [INFO] nsx.nsx_object_functions.nsx_object_exporter: Skipping system/deleted service: MS_Unified_Messaging_server_-_Client_Access
2026-09-15T17:41:01 UTC [INFO] nsx.nsx_object_functions.nsx_object_exporter: Skipping system/deleted service: MS_Unified_Messaging_server-Phone
2026-09-15T17:41:01 UTC [INFO] nsx.nsx_object_functions.nsx_object_exporter: Skipping system/deleted service: MS-DS
2026-09-15T17:41:01 UTC [INFO] nsx.nsx_object_functions.nsx_object_exporter: Skipping system/deleted service: MS-DS-TCP
2026-09-15T17:41:01 UTC [INFO] nsx.nsx_object_functions.nsx_object_exporter: Skipping system/deleted service: MS-DS-UDP
2026-09-15T17:41:01 UTC [INFO] nsx.nsx_object_functions.nsx_object_exporter: Skipping system/deleted service: MS-SQL-M
2026-09-15T17:41:01 UTC [INFO] nsx.nsx_object_functions.nsx_object_exporter: Skipping system/deleted service: MS-SQL-M-TCP
2026-09-15T17:41:01 UTC [INFO] nsx.nsx_object_functions.nsx_object_exporter: Skipping system/deleted service: MS-SQL-S
2026-09-15T17:41:01 UTC [INFO] nsx.nsx_object_functions.nsx_object_exporter: Skipping system/deleted service: MSN_(TCP)
2026-09-15T17:41:01 UTC [INFO] nsx.nsx_object_functions.nsx_object_exporter: Skipping system/deleted service: MSN_(UDP)
2026-09-15T17:41:01 UTC [INFO] nsx.nsx_object_functions.nsx_object_exporter: Skipping system/deleted service: MSSQL_Integration_Services
2026-09-15T17:41:01 UTC [INFO] nsx.nsx_object_functions.nsx_object_exporter: Skipping system/deleted service: MSSQL_Reporting_Services
2026-09-15T17:41:01 UTC [INFO] nsx.nsx_object_functions.nsx_object_exporter: Skipping system/deleted service: MSSQL_Server_Analysis_Services
2026-09-15T17:41:01 UTC [INFO] nsx.nsx_object_functions.nsx_object_exporter: Skipping system/deleted service: MSSQL_Server_Database_Engine
2026-09-15T17:41:01 UTC [INFO] nsx.nsx_object_functions.nsx_object_exporter: Skipping system/deleted service: MS_RPC_TCP
2026-09-15T17:41:01 UTC [INFO] nsx.nsx_object_functions.nsx_object_exporter: Skipping system/deleted service: MS_RPC_UDP
2026-09-15T17:41:01 UTC [INFO] nsx.nsx_object_functions.nsx_object_exporter: Skipping system/deleted service: Microsoft_Active_Directory_V1
2026-09-15T17:41:01 UTC [INFO] nsx.nsx_object_functions.nsx_object_exporter: Skipping system/deleted service: Microsoft_Exchange_2003
2026-09-15T17:41:01 UTC [INFO] nsx.nsx_object_functions.nsx_object_exporter: Skipping system/deleted service: Microsoft_Exchange_2007
2026-09-15T17:41:01 UTC [INFO] nsx.nsx_object_functions.nsx_object_exporter: Skipping system/deleted service: Microsoft_Exchange_2010
2026-09-15T17:41:01 UTC [INFO] nsx.nsx_object_functions.nsx_object_exporter: Skipping system/deleted service: Microsoft_Media_Server_(TCP)
2026-09-15T17:41:01 UTC [INFO] nsx.nsx_object_functions.nsx_object_exporter: Skipping system/deleted service: Microsoft_Media_Server_(UDP)
2026-09-15T17:41:01 UTC [INFO] nsx.nsx_object_functions.nsx_object_exporter: Skipping system/deleted service: Microsoft_SQL_Server
2026-09-15T17:41:01 UTC [INFO] nsx.nsx_object_functions.nsx_object_exporter: Skipping system/deleted service: MySQL
2026-09-15T17:41:01 UTC [INFO] nsx.nsx_object_functions.nsx_object_exporter: Skipping system/deleted service: NBDG-Broadcast-V1
2026-09-15T17:41:01 UTC [INFO] nsx.nsx_object_functions.nsx_object_exporter: Skipping system/deleted service: NBNS-Broadcast-V1
2026-09-15T17:41:01 UTC [INFO] nsx.nsx_object_functions.nsx_object_exporter: Skipping system/deleted service: NFS_(TCP)
2026-09-15T17:41:01 UTC [INFO] nsx.nsx_object_functions.nsx_object_exporter: Skipping system/deleted service: NFS_(UDP)
2026-09-15T17:41:01 UTC [INFO] nsx.nsx_object_functions.nsx_object_exporter: Skipping system/deleted service: NFS_Client
2026-09-15T17:41:01 UTC [INFO] nsx.nsx_object_functions.nsx_object_exporter: Skipping system/deleted service: NFS_Client_UDP
2026-09-15T17:41:01 UTC [INFO] nsx.nsx_object_functions.nsx_object_exporter: Skipping system/deleted service: NFS-Server-TCP
2026-09-15T17:41:01 UTC [INFO] nsx.nsx_object_functions.nsx_object_exporter: Skipping system/deleted service: NFS-Server-UDP
2026-09-15T17:41:01 UTC [INFO] nsx.nsx_object_functions.nsx_object_exporter: Skipping system/deleted service: NNTP
2026-09-15T17:41:01 UTC [INFO] nsx.nsx_object_functions.nsx_object_exporter: Skipping system/deleted service: NNTP_SSL
2026-09-15T17:41:01 UTC [INFO] nsx.nsx_object_functions.nsx_object_exporter: Skipping system/deleted service: NTP
2026-09-15T17:41:01 UTC [INFO] nsx.nsx_object_functions.nsx_object_exporter: Skipping system/deleted service: NTP_Time_Server
2026-09-15T17:41:01 UTC [INFO] nsx.nsx_object_functions.nsx_object_exporter: Skipping system/deleted service: NetBios_Datagram_(TCP)
2026-09-15T17:41:01 UTC [INFO] nsx.nsx_object_functions.nsx_object_exporter: Skipping system/deleted service: NetBios_Datagram_(UDP)
2026-09-15T17:41:01 UTC [INFO] nsx.nsx_object_functions.nsx_object_exporter: Skipping system/deleted service: NetBios_Name_Service_(TCP)
2026-09-15T17:41:01 UTC [INFO] nsx.nsx_object_functions.nsx_object_exporter: Skipping system/deleted service: NetBios_Name_Service_(UDP)
2026-09-15T17:41:01 UTC [INFO] nsx.nsx_object_functions.nsx_object_exporter: Skipping system/deleted service: NetBios_Session_Service_(TCP)
2026-09-15T17:41:01 UTC [INFO] nsx.nsx_object_functions.nsx_object_exporter: Skipping system/deleted service: NetBios_Session_Service_(UDP)
2026-09-15T17:41:01 UTC [INFO] nsx.nsx_object_functions.nsx_object_exporter: Skipping system/deleted service: OC4J_Forms_-_Reports_Instance
2026-09-15T17:41:01 UTC [INFO] nsx.nsx_object_functions.nsx_object_exporter: Skipping system/deleted service: OC4J_Forms_-_Reports_Instance_(8889)
2026-09-15T17:41:01 UTC [INFO] nsx.nsx_object_functions.nsx_object_exporter: Skipping system/deleted service: ORACLE-FORM-SERVICES
2026-09-15T17:41:01 UTC [INFO] nsx.nsx_object_functions.nsx_object_exporter: Skipping system/deleted service: ORACLE-HTTP
2026-09-15T17:41:01 UTC [INFO] nsx.nsx_object_functions.nsx_object_exporter: Skipping system/deleted service: ORACLE-XDB-FTP
2026-09-15T17:41:01 UTC [INFO] nsx.nsx_object_functions.nsx_object_exporter: Skipping system/deleted service: ORACLE_TNS
2026-09-15T17:41:01 UTC [INFO] nsx.nsx_object_functions.nsx_object_exporter: Skipping system/deleted service: OS_Agent
2026-09-15T17:41:01 UTC [INFO] nsx.nsx_object_functions.nsx_object_exporter: Skipping system/deleted service: Office_Server_Web_Services,_HTTP,_SSL
2026-09-15T17:41:01 UTC [INFO] nsx.nsx_object_functions.nsx_object_exporter: Skipping system/deleted service: Office_communication_server
2026-09-15T17:41:01 UTC [INFO] nsx.nsx_object_functions.nsx_object_exporter: Skipping system/deleted service: Oracle
2026-09-15T17:41:01 UTC [INFO] nsx.nsx_object_functions.nsx_object_exporter: Skipping system/deleted service: Oracle_Application_Server
2026-09-15T17:41:01 UTC [INFO] nsx.nsx_object_functions.nsx_object_exporter: Skipping system/deleted service: Oracle_Connection_Manager_(CMAN)
2026-09-15T17:41:01 UTC [INFO] nsx.nsx_object_functions.nsx_object_exporter: Skipping system/deleted service: Oracle_Connection_Manager_Admin_(CMAN)
2026-09-15T17:41:01 UTC [INFO] nsx.nsx_object_functions.nsx_object_exporter: Skipping system/deleted service: Oracle_Database
2026-09-15T17:41:01 UTC [INFO] nsx.nsx_object_functions.nsx_object_exporter: Skipping system/deleted service: Oracle_Enterprise_Manager
2026-09-15T17:41:01 UTC [INFO] nsx.nsx_object_functions.nsx_object_exporter: Skipping system/deleted service: Oracle_Enterprise_Manager_Web
2026-09-15T17:41:01 UTC [INFO] nsx.nsx_object_functions.nsx_object_exporter: Skipping system/deleted service: Oracle_Enterprise_Manager_Web_Console
2026-09-15T17:41:01 UTC [INFO] nsx.nsx_object_functions.nsx_object_exporter: Skipping system/deleted service: Oracle_Forms_Server_6_-_6i
2026-09-15T17:41:01 UTC [INFO] nsx.nsx_object_functions.nsx_object_exporter: Skipping system/deleted service: Oracle_GIOP_IIOP
2026-09-15T17:41:01 UTC [INFO] nsx.nsx_object_functions.nsx_object_exporter: Skipping system/deleted service: Oracle_GIOP_IIOP_for_SSL
2026-09-15T17:41:01 UTC [INFO] nsx.nsx_object_functions.nsx_object_exporter: Skipping system/deleted service: Oracle_HTTP_Server_Diagnostic_Port
2026-09-15T17:41:01 UTC [INFO] nsx.nsx_object_functions.nsx_object_exporter: Skipping system/deleted service: Oracle_HTTP_Server_Jserv_port
2026-09-15T17:41:01 UTC [INFO] nsx.nsx_object_functions.nsx_object_exporter: Skipping system/deleted service: Oracle_HTTP_Server_Port_Tunneling
2026-09-15T17:41:01 UTC [INFO] nsx.nsx_object_functions.nsx_object_exporter: Skipping system/deleted service: Oracle_HTTP_Server_SSL_port
2026-09-15T17:41:01 UTC [INFO] nsx.nsx_object_functions.nsx_object_exporter: Skipping system/deleted service: Oracle_HTTP_Server_listen_port
2026-09-15T17:41:01 UTC [INFO] nsx.nsx_object_functions.nsx_object_exporter: Skipping system/deleted service: Oracle_HTTP_Server_port
2026-09-15T17:41:01 UTC [INFO] nsx.nsx_object_functions.nsx_object_exporter: Skipping system/deleted service: Oracle_Intelligent_Agent_(1748)
2026-09-15T17:41:01 UTC [INFO] nsx.nsx_object_functions.nsx_object_exporter: Skipping system/deleted service: Oracle_Intelligent_Agent_(1754)
2026-09-15T17:41:01 UTC [INFO] nsx.nsx_object_functions.nsx_object_exporter: Skipping system/deleted service: Oracle_Intelligent_Agent_(1808)
2026-09-15T17:41:01 UTC [INFO] nsx.nsx_object_functions.nsx_object_exporter: Skipping system/deleted service: Oracle_Intelligent_Agent_(1809)
2026-09-15T17:41:01 UTC [INFO] nsx.nsx_object_functions.nsx_object_exporter: Skipping system/deleted service: Oracle_Internet_Directory(SSL)
2026-09-15T17:41:01 UTC [INFO] nsx.nsx_object_functions.nsx_object_exporter: Skipping system/deleted service: Oracle_Internet_Directory(SSL,_4031)
2026-09-15T17:41:01 UTC [INFO] nsx.nsx_object_functions.nsx_object_exporter: Skipping system/deleted service: Oracle_Internet_Directory(non-SSL)
2026-09-15T17:41:01 UTC [INFO] nsx.nsx_object_functions.nsx_object_exporter: Skipping system/deleted service: Oracle_Internet_Directory(non-SSL,_4032)
2026-09-15T17:41:01 UTC [INFO] nsx.nsx_object_functions.nsx_object_exporter: Skipping system/deleted service: Oracle_JDBC_for_Rdb_Thin_Server
2026-09-15T17:41:01 UTC [INFO] nsx.nsx_object_functions.nsx_object_exporter: Skipping system/deleted service: Oracle_Names
2026-09-15T17:41:01 UTC [INFO] nsx.nsx_object_functions.nsx_object_exporter: Skipping system/deleted service: Oracle_Net_Listener
2026-09-15T17:41:01 UTC [INFO] nsx.nsx_object_functions.nsx_object_exporter: Skipping system/deleted service: Oracle_Net_Listener_-_Enterprise_Manager_Repository_port
2026-09-15T17:41:01 UTC [INFO] nsx.nsx_object_functions.nsx_object_exporter: Skipping system/deleted service: Oracle_Notification_Service_local_port
2026-09-15T17:41:01 UTC [INFO] nsx.nsx_object_functions.nsx_object_exporter: Skipping system/deleted service: Oracle_Notification_Service_remote_port
2026-09-15T17:41:01 UTC [INFO] nsx.nsx_object_functions.nsx_object_exporter: Skipping system/deleted service: Oracle_Notification_Service_request_port
2026-09-15T17:41:01 UTC [INFO] nsx.nsx_object_functions.nsx_object_exporter: Skipping system/deleted service: Oracle_OC4J_AJP
2026-09-15T17:41:01 UTC [INFO] nsx.nsx_object_functions.nsx_object_exporter: Skipping system/deleted service: Oracle_OC4J_IIOP
2026-09-15T17:41:01 UTC [INFO] nsx.nsx_object_functions.nsx_object_exporter: Skipping system/deleted service: Oracle_OC4J_IIOPS1
2026-09-15T17:41:01 UTC [INFO] nsx.nsx_object_functions.nsx_object_exporter: Skipping system/deleted service: Oracle_OC4J_IIOPS2
2026-09-15T17:41:01 UTC [INFO] nsx.nsx_object_functions.nsx_object_exporter: Skipping system/deleted service: Oracle_OC4J_JMS
2026-09-15T17:41:01 UTC [INFO] nsx.nsx_object_functions.nsx_object_exporter: Skipping system/deleted service: Oracle_OC4J_RMI
2026-09-15T17:41:01 UTC [INFO] nsx.nsx_object_functions.nsx_object_exporter: Skipping system/deleted service: Oracle_Rdb
2026-09-15T17:41:01 UTC [INFO] nsx.nsx_object_functions.nsx_object_exporter: Skipping system/deleted service: Oracle_SOAP_Server
2026-09-15T17:41:01 UTC [INFO] nsx.nsx_object_functions.nsx_object_exporter: Skipping system/deleted service: Oracle_Times_Ten
2026-09-15T17:41:01 UTC [INFO] nsx.nsx_object_functions.nsx_object_exporter: Skipping system/deleted service: Oracle_Times_Ten_(15000)
2026-09-15T17:41:01 UTC [INFO] nsx.nsx_object_functions.nsx_object_exporter: Skipping system/deleted service: Oracle_Times_Ten_(15002)
2026-09-15T17:41:01 UTC [INFO] nsx.nsx_object_functions.nsx_object_exporter: Skipping system/deleted service: Oracle_Times_Ten_(15004)
2026-09-15T17:41:01 UTC [INFO] nsx.nsx_object_functions.nsx_object_exporter: Skipping system/deleted service: Oracle_TimesTen
2026-09-15T17:41:01 UTC [INFO] nsx.nsx_object_functions.nsx_object_exporter: Skipping system/deleted service: Oracle_TimesTen_(4758)
2026-09-15T17:41:01 UTC [INFO] nsx.nsx_object_functions.nsx_object_exporter: Skipping system/deleted service: Oracle_TimesTen_(4759)
2026-09-15T17:41:01 UTC [INFO] nsx.nsx_object_functions.nsx_object_exporter: Skipping system/deleted service: Oracle_TimesTen_(4761)
2026-09-15T17:41:01 UTC [INFO] nsx.nsx_object_functions.nsx_object_exporter: Skipping system/deleted service: Oracle_TimesTen_(4764)
2026-09-15T17:41:01 UTC [INFO] nsx.nsx_object_functions.nsx_object_exporter: Skipping system/deleted service: Oracle_TimesTen_(4766)
2026-09-15T17:41:01 UTC [INFO] nsx.nsx_object_functions.nsx_object_exporter: Skipping system/deleted service: Oracle_TimesTen_(4767)
2026-09-15T17:41:01 UTC [INFO] nsx.nsx_object_functions.nsx_object_exporter: Skipping system/deleted service: Oracle_XMLDB_FTP_Port
2026-09-15T17:41:01 UTC [INFO] nsx.nsx_object_functions.nsx_object_exporter: Skipping system/deleted service: Oracle_XMLDB_HTTP_port
2026-09-15T17:41:01 UTC [INFO] nsx.nsx_object_functions.nsx_object_exporter: Skipping system/deleted service: Oracle_i*SQLPlus
2026-09-15T17:41:01 UTC [INFO] nsx.nsx_object_functions.nsx_object_exporter: Skipping system/deleted service: Oracle-2
2026-09-15T17:41:01 UTC [INFO] nsx.nsx_object_functions.nsx_object_exporter: Skipping system/deleted service: Oracle9iAS_Clickstream_Collector_Agent
2026-09-15T17:41:01 UTC [INFO] nsx.nsx_object_functions.nsx_object_exporter: Skipping system/deleted service: Oracle9iAS_Web_Cache_Admin_port
2026-09-15T17:41:01 UTC [INFO] nsx.nsx_object_functions.nsx_object_exporter: Skipping system/deleted service: Oracle9iAS_Web_Cache_HTTP_Listen(SSL)_port
2026-09-15T17:41:01 UTC [INFO] nsx.nsx_object_functions.nsx_object_exporter: Skipping system/deleted service: Oracle9iAS_Web_Cache_HTTP_Listen(non-SSL)_port
2026-09-15T17:41:01 UTC [INFO] nsx.nsx_object_functions.nsx_object_exporter: Skipping system/deleted service: Oracle9iAS_Web_Cache_Invalidation_port
2026-09-15T17:41:01 UTC [INFO] nsx.nsx_object_functions.nsx_object_exporter: Skipping system/deleted service: Oracle9iAS_Web_Cache_Statistics_port
2026-09-15T17:41:01 UTC [INFO] nsx.nsx_object_functions.nsx_object_exporter: Skipping system/deleted service: OracleAS_Certificate_Authority_(OCA)_-_Mutual_Authentication
2026-09-15T17:41:01 UTC [INFO] nsx.nsx_object_functions.nsx_object_exporter: Skipping system/deleted service: OracleAS_Certificate_Authority_(OCA)_-_Server_Authentication
2026-09-15T17:41:01 UTC [INFO] nsx.nsx_object_functions.nsx_object_exporter: Skipping system/deleted service: Orchestrator
2026-09-15T17:41:01 UTC [INFO] nsx.nsx_object_functions.nsx_object_exporter: Skipping system/deleted service: PC_Anywhere_(TCP)
2026-09-15T17:41:01 UTC [INFO] nsx.nsx_object_functions.nsx_object_exporter: Skipping system/deleted service: PC_Anywhere_(UDP)
2026-09-15T17:41:01 UTC [INFO] nsx.nsx_object_functions.nsx_object_exporter: Skipping system/deleted service: POP3
2026-09-15T17:41:01 UTC [INFO] nsx.nsx_object_functions.nsx_object_exporter: Skipping system/deleted service: POP3_SSL
2026-09-15T17:41:01 UTC [INFO] nsx.nsx_object_functions.nsx_object_exporter: Skipping system/deleted service: PostgreSQL
2026-09-15T17:41:01 UTC [INFO] nsx.nsx_object_functions.nsx_object_exporter: Skipping system/deleted service: RDP
2026-09-15T17:41:01 UTC [INFO] nsx.nsx_object_functions.nsx_object_exporter: Skipping system/deleted service: RFB
2026-09-15T17:41:01 UTC [INFO] nsx.nsx_object_functions.nsx_object_exporter: Skipping system/deleted service: RPC,_DFSR_(SYSVOL)
2026-09-15T17:41:01 UTC [INFO] nsx.nsx_object_functions.nsx_object_exporter: Skipping system/deleted service: RTSP_(TCP)
2026-09-15T17:41:01 UTC [INFO] nsx.nsx_object_functions.nsx_object_exporter: Skipping system/deleted service: RTSP_(UDP)
2026-09-15T17:41:01 UTC [INFO] nsx.nsx_object_functions.nsx_object_exporter: Skipping system/deleted service: Routing_Engine_service
2026-09-15T17:41:01 UTC [INFO] nsx.nsx_object_functions.nsx_object_exporter: Skipping system/deleted service: SAP_Admin_console
2026-09-15T17:41:01 UTC [INFO] nsx.nsx_object_functions.nsx_object_exporter: Skipping system/deleted service: SAP_Alert_Server
2026-09-15T17:41:01 UTC [INFO] nsx.nsx_object_functions.nsx_object_exporter: Skipping system/deleted service: SAP_Backup_Server
2026-09-15T17:41:01 UTC [INFO] nsx.nsx_object_functions.nsx_object_exporter: Skipping system/deleted service: SAP_Cache_Server
2026-09-15T17:41:01 UTC [INFO] nsx.nsx_object_functions.nsx_object_exporter: Skipping system/deleted service: SAP_Central_Software_Deployment_Manager
2026-09-15T17:41:01 UTC [INFO] nsx.nsx_object_functions.nsx_object_exporter: Skipping system/deleted service: SAP_Comm
2026-09-15T17:41:01 UTC [INFO] nsx.nsx_object_functions.nsx_object_exporter: Skipping system/deleted service: SAP_Content_Server
2026-09-15T17:41:01 UTC [INFO] nsx.nsx_object_functions.nsx_object_exporter: Skipping system/deleted service: SAP_Cruiser
2026-09-15T17:41:01 UTC [INFO] nsx.nsx_object_functions.nsx_object_exporter: Skipping system/deleted service: SAP_Design_Time_Repository
2026-09-15T17:41:01 UTC [INFO] nsx.nsx_object_functions.nsx_object_exporter: Skipping system/deleted service: SAP_Dispatcher
2026-09-15T17:41:01 UTC [INFO] nsx.nsx_object_functions.nsx_object_exporter: Skipping system/deleted service: SAP_Dispatcher_Netweaver_App_Server
2026-09-15T17:41:01 UTC [INFO] nsx.nsx_object_functions.nsx_object_exporter: Skipping system/deleted service: SAP_Enqueue_Repl_2
2026-09-15T17:41:01 UTC [INFO] nsx.nsx_object_functions.nsx_object_exporter: Skipping system/deleted service: SAP_Enqueue_Svr
2026-09-15T17:41:01 UTC [INFO] nsx.nsx_object_functions.nsx_object_exporter: Skipping system/deleted service: SAP_Exchange_Groupware_Connector_(DCOM)
2026-09-15T17:41:01 UTC [INFO] nsx.nsx_object_functions.nsx_object_exporter: Skipping system/deleted service: SAP_File_Adapter
2026-09-15T17:41:01 UTC [INFO] nsx.nsx_object_functions.nsx_object_exporter: Skipping system/deleted service: SAP_GRMG_Service_(Heartbeat)
2026-09-15T17:41:01 UTC [INFO] nsx.nsx_object_functions.nsx_object_exporter: Skipping system/deleted service: SAP_Gateway_Netweaver_App_Server
2026-09-15T17:41:01 UTC [INFO] nsx.nsx_object_functions.nsx_object_exporter: Skipping system/deleted service: SAP_HTTP
2026-09-15T17:41:01 UTC [INFO] nsx.nsx_object_functions.nsx_object_exporter: Skipping system/deleted service: SAP_HTTP_Server
2026-09-15T17:41:01 UTC [INFO] nsx.nsx_object_functions.nsx_object_exporter: Skipping system/deleted service: SAP_HTTP_Server_2
2026-09-15T17:41:01 UTC [INFO] nsx.nsx_object_functions.nsx_object_exporter: Skipping system/deleted service: SAP_HTTPS
2026-09-15T17:41:01 UTC [INFO] nsx.nsx_object_functions.nsx_object_exporter: Skipping system/deleted service: SAP_HostControl
2026-09-15T17:41:01 UTC [INFO] nsx.nsx_object_functions.nsx_object_exporter: Skipping system/deleted service: SAP_HostControlS
2026-09-15T17:41:01 UTC [INFO] nsx.nsx_object_functions.nsx_object_exporter: Skipping system/deleted service: SAP_IBM
2026-09-15T17:41:01 UTC [INFO] nsx.nsx_object_functions.nsx_object_exporter: Skipping system/deleted service: SAP_ICM_HTTP
2026-09-15T17:41:01 UTC [INFO] nsx.nsx_object_functions.nsx_object_exporter: Skipping system/deleted service: SAP_IIOP
2026-09-15T17:41:01 UTC [INFO] nsx.nsx_object_functions.nsx_object_exporter: Skipping system/deleted service: SAP_IIOP_initial
2026-09-15T17:41:01 UTC [INFO] nsx.nsx_object_functions.nsx_object_exporter: Skipping system/deleted service: SAP_IIOPS
2026-09-15T17:41:01 UTC [INFO] nsx.nsx_object_functions.nsx_object_exporter: Skipping system/deleted service: SAP_IPC_Dispatcher_Mobile_client
2026-09-15T17:41:01 UTC [INFO] nsx.nsx_object_functions.nsx_object_exporter: Skipping system/deleted service: SAP_IPC_Dispatcher_Mobile_client_2
2026-09-15T17:41:01 UTC [INFO] nsx.nsx_object_functions.nsx_object_exporter: Skipping system/deleted service: SAP_IPC_Server
2026-09-15T17:41:01 UTC [INFO] nsx.nsx_object_functions.nsx_object_exporter: Skipping system/deleted service: SAP_IPC_data_loader
2026-09-15T17:41:01 UTC [INFO] nsx.nsx_object_functions.nsx_object_exporter: Skipping system/deleted service: SAP_Import_Mgr
2026-09-15T17:41:01 UTC [INFO] nsx.nsx_object_functions.nsx_object_exporter: Skipping system/deleted service: SAP_Index_Server
2026-09-15T17:41:01 UTC [INFO] nsx.nsx_object_functions.nsx_object_exporter: Skipping system/deleted service: SAP_Index_Server_2
2026-09-15T17:41:01 UTC [INFO] nsx.nsx_object_functions.nsx_object_exporter: Skipping system/deleted service: SAP_Inst
2026-09-15T17:41:01 UTC [INFO] nsx.nsx_object_functions.nsx_object_exporter: Skipping system/deleted service: SAP_Inst_on_IBM
2026-09-15T17:41:01 UTC [INFO] nsx.nsx_object_functions.nsx_object_exporter: Skipping system/deleted service: SAP_Inter_Server_COmm
2026-09-15T17:41:01 UTC [INFO] nsx.nsx_object_functions.nsx_object_exporter: Skipping system/deleted service: SAP_JDBCAdapter
2026-09-15T17:41:01 UTC [INFO] nsx.nsx_object_functions.nsx_object_exporter: Skipping system/deleted service: SAP_JMS
2026-09-15T17:41:01 UTC [INFO] nsx.nsx_object_functions.nsx_object_exporter: Skipping system/deleted service: SAP_JMS_Adapter
2026-09-15T17:41:01 UTC [INFO] nsx.nsx_object_functions.nsx_object_exporter: Skipping system/deleted service: SAP_JMS-JDBC-File_Adapter_Server
2026-09-15T17:41:01 UTC [INFO] nsx.nsx_object_functions.nsx_object_exporter: Skipping system/deleted service: SAP_Java_Debug
2026-09-15T17:41:01 UTC [INFO] nsx.nsx_object_functions.nsx_object_exporter: Skipping system/deleted service: SAP_Java_Join
2026-09-15T17:41:01 UTC [INFO] nsx.nsx_object_functions.nsx_object_exporter: Skipping system/deleted service: SAP_Layout_Server
2026-09-15T17:41:01 UTC [INFO] nsx.nsx_object_functions.nsx_object_exporter: Skipping system/deleted service: SAP_Layout_Server_2
2026-09-15T17:41:01 UTC [INFO] nsx.nsx_object_functions.nsx_object_exporter: Skipping system/deleted service: SAP_Layout_Server_Adobe_InDesign
2026-09-15T17:41:01 UTC [INFO] nsx.nsx_object_functions.nsx_object_exporter: Skipping system/deleted service: SAP_Layout_Server_Quark_Express
2026-09-15T17:41:01 UTC [INFO] nsx.nsx_object_functions.nsx_object_exporter: Skipping system/deleted service: SAP_LiveCache
2026-09-15T17:41:01 UTC [INFO] nsx.nsx_object_functions.nsx_object_exporter: Skipping system/deleted service: SAP_Lotus_Domino_-_Connector
2026-09-15T17:41:01 UTC [INFO] nsx.nsx_object_functions.nsx_object_exporter: Skipping system/deleted service: SAP_Lotus_Domino_-_Proxy
2026-09-15T17:41:01 UTC [INFO] nsx.nsx_object_functions.nsx_object_exporter: Skipping system/deleted service: SAP_MDM_Server
2026-09-15T17:41:01 UTC [INFO] nsx.nsx_object_functions.nsx_object_exporter: Skipping system/deleted service: SAP_Mapping_Manager
2026-09-15T17:41:01 UTC [INFO] nsx.nsx_object_functions.nsx_object_exporter: Skipping system/deleted service: SAP_Message_Server_HTTP
2026-09-15T17:41:01 UTC [INFO] nsx.nsx_object_functions.nsx_object_exporter: Skipping system/deleted service: SAP_Monitoring_(GRMG)
2026-09-15T17:41:01 UTC [INFO] nsx.nsx_object_functions.nsx_object_exporter: Skipping system/deleted service: SAP_Msg_Svr
2026-09-15T17:41:01 UTC [INFO] nsx.nsx_object_functions.nsx_object_exporter: Skipping system/deleted service: SAP_Msg_Svr_2
2026-09-15T17:41:01 UTC [INFO] nsx.nsx_object_functions.nsx_object_exporter: Skipping system/deleted service: SAP_Msg_Svr_HTTP
2026-09-15T17:41:01 UTC [INFO] nsx.nsx_object_functions.nsx_object_exporter: Skipping system/deleted service: SAP_Name_Server
2026-09-15T17:41:01 UTC [INFO] nsx.nsx_object_functions.nsx_object_exporter: Skipping system/deleted service: SAP_Name_Server_2
2026-09-15T17:41:01 UTC [INFO] nsx.nsx_object_functions.nsx_object_exporter: Skipping system/deleted service: SAP_Oracle_Listener
2026-09-15T17:41:01 UTC [INFO] nsx.nsx_object_functions.nsx_object_exporter: Skipping system/deleted service: SAP_P4
2026-09-15T17:41:01 UTC [INFO] nsx.nsx_object_functions.nsx_object_exporter: Skipping system/deleted service: SAP_P4_over_HTTP
2026-09-15T17:41:01 UTC [INFO] nsx.nsx_object_functions.nsx_object_exporter: Skipping system/deleted service: SAP_P4_over_SSL
2026-09-15T17:41:01 UTC [INFO] nsx.nsx_object_functions.nsx_object_exporter: Skipping system/deleted service: SAP_PAW_Communication_Server
2026-09-15T17:41:01 UTC [INFO] nsx.nsx_object_functions.nsx_object_exporter: Skipping system/deleted service: SAP_PAW_Servlet_Engine
2026-09-15T17:41:01 UTC [INFO] nsx.nsx_object_functions.nsx_object_exporter: Skipping system/deleted service: SAP_Pre_Processor
2026-09-15T17:41:01 UTC [INFO] nsx.nsx_object_functions.nsx_object_exporter: Skipping system/deleted service: SAP_Pre_Processor_2
2026-09-15T17:41:01 UTC [INFO] nsx.nsx_object_functions.nsx_object_exporter: Skipping system/deleted service: SAP_Queue_Server
2026-09-15T17:41:01 UTC [INFO] nsx.nsx_object_functions.nsx_object_exporter: Skipping system/deleted service: SAP_Queue_Server_2
2026-09-15T17:41:01 UTC [INFO] nsx.nsx_object_functions.nsx_object_exporter: Skipping system/deleted service: SAP_RFC_Server
2026-09-15T17:41:01 UTC [INFO] nsx.nsx_object_functions.nsx_object_exporter: Skipping system/deleted service: SAP_Router
2026-09-15T17:41:01 UTC [INFO] nsx.nsx_object_functions.nsx_object_exporter: Skipping system/deleted service: SAP_SDM-SL
2026-09-15T17:41:01 UTC [INFO] nsx.nsx_object_functions.nsx_object_exporter: Skipping system/deleted service: SAP_SNC_secured_gateway
2026-09-15T17:41:01 UTC [INFO] nsx.nsx_object_functions.nsx_object_exporter: Skipping system/deleted service: SAP_Start_Service
2026-09-15T17:41:01 UTC [INFO] nsx.nsx_object_functions.nsx_object_exporter: Skipping system/deleted service: SAP_Start_Service_2
2026-09-15T17:41:01 UTC [INFO] nsx.nsx_object_functions.nsx_object_exporter: Skipping system/deleted service: SAP_Syndicator_Service
2026-09-15T17:41:01 UTC [INFO] nsx.nsx_object_functions.nsx_object_exporter: Skipping system/deleted service: SAP_Telnet
2026-09-15T17:41:01 UTC [INFO] nsx.nsx_object_functions.nsx_object_exporter: Skipping system/deleted service: SAP_Upgrade
2026-09-15T17:41:01 UTC [INFO] nsx.nsx_object_functions.nsx_object_exporter: Skipping system/deleted service: SAP_gateway_-_CPIC-RFC
2026-09-15T17:41:01 UTC [INFO] nsx.nsx_object_functions.nsx_object_exporter: Skipping system/deleted service: SAP_gateway-replication
2026-09-15T17:41:01 UTC [INFO] nsx.nsx_object_functions.nsx_object_exporter: Skipping system/deleted service: SAP_network_Test_Program
2026-09-15T17:41:01 UTC [INFO] nsx.nsx_object_functions.nsx_object_exporter: Skipping system/deleted service: SAP_printer_spooler
2026-09-15T17:41:01 UTC [INFO] nsx.nsx_object_functions.nsx_object_exporter: Skipping system/deleted service: SIP_5060
2026-09-15T17:41:01 UTC [INFO] nsx.nsx_object_functions.nsx_object_exporter: Skipping system/deleted service: SIP_5061
2026-09-15T17:41:01 UTC [INFO] nsx.nsx_object_functions.nsx_object_exporter: Skipping system/deleted service: SMB
2026-09-15T17:41:01 UTC [INFO] nsx.nsx_object_functions.nsx_object_exporter: Skipping system/deleted service: SMB_Server
2026-09-15T17:41:01 UTC [INFO] nsx.nsx_object_functions.nsx_object_exporter: Skipping system/deleted service: SMB_Server_UDP
2026-09-15T17:41:01 UTC [INFO] nsx.nsx_object_functions.nsx_object_exporter: Skipping system/deleted service: SMTP
2026-09-15T17:41:01 UTC [INFO] nsx.nsx_object_functions.nsx_object_exporter: Skipping system/deleted service: SMTP_TLS
2026-09-15T17:41:01 UTC [INFO] nsx.nsx_object_functions.nsx_object_exporter: Skipping system/deleted service: SNMP
2026-09-15T17:41:01 UTC [INFO] nsx.nsx_object_functions.nsx_object_exporter: Skipping system/deleted service: SNMP-Receive
2026-09-15T17:41:01 UTC [INFO] nsx.nsx_object_functions.nsx_object_exporter: Skipping system/deleted service: SNMP-Send
2026-09-15T17:41:01 UTC [INFO] nsx.nsx_object_functions.nsx_object_exporter: Skipping system/deleted service: SOAP
2026-09-15T17:41:01 UTC [INFO] nsx.nsx_object_functions.nsx_object_exporter: Skipping system/deleted service: SQL_Analysis_service
2026-09-15T17:41:01 UTC [INFO] nsx.nsx_object_functions.nsx_object_exporter: Skipping system/deleted service: SQL_Server_Browser_service
2026-09-15T17:41:01 UTC [INFO] nsx.nsx_object_functions.nsx_object_exporter: Skipping system/deleted service: SSH
2026-09-15T17:41:01 UTC [INFO] nsx.nsx_object_functions.nsx_object_exporter: Skipping system/deleted service: SUN_RPC_TCP
2026-09-15T17:41:01 UTC [INFO] nsx.nsx_object_functions.nsx_object_exporter: Skipping system/deleted service: SUN_RPC_UDP
2026-09-15T17:41:01 UTC [INFO] nsx.nsx_object_functions.nsx_object_exporter: Skipping system/deleted service: Server_Message_Block_(SMB)
2026-09-15T17:41:01 UTC [INFO] nsx.nsx_object_functions.nsx_object_exporter: Skipping system/deleted service: SharePoint_2007_V1
2026-09-15T17:41:01 UTC [INFO] nsx.nsx_object_functions.nsx_object_exporter: Skipping system/deleted service: SharePoint_2010_V1
2026-09-15T17:41:01 UTC [INFO] nsx.nsx_object_functions.nsx_object_exporter: Skipping system/deleted service: Site_Recovery_Manager_5.x
2026-09-15T17:41:01 UTC [INFO] nsx.nsx_object_functions.nsx_object_exporter: Skipping system/deleted service: Site_Recovery_Manager_6.x
2026-09-15T17:41:01 UTC [INFO] nsx.nsx_object_functions.nsx_object_exporter: Skipping system/deleted service: Site_Replication_service
2026-09-15T17:41:01 UTC [INFO] nsx.nsx_object_functions.nsx_object_exporter: Skipping system/deleted service: Skinny
2026-09-15T17:41:01 UTC [INFO] nsx.nsx_object_functions.nsx_object_exporter: Skipping system/deleted service: Syslog_(TCP)
2026-09-15T17:41:01 UTC [INFO] nsx.nsx_object_functions.nsx_object_exporter: Skipping system/deleted service: Syslog_(UDP)
2026-09-15T17:41:01 UTC [INFO] nsx.nsx_object_functions.nsx_object_exporter: Skipping system/deleted service: Syslog-Server
2026-09-15T17:41:01 UTC [INFO] nsx.nsx_object_functions.nsx_object_exporter: Skipping system/deleted service: Syslog-Server-UDP
2026-09-15T17:41:01 UTC [INFO] nsx.nsx_object_functions.nsx_object_exporter: Skipping system/deleted service: T120_(Whiteboard_A43)
2026-09-15T17:41:01 UTC [INFO] nsx.nsx_object_functions.nsx_object_exporter: Skipping system/deleted service: TELNET
2026-09-15T17:41:01 UTC [INFO] nsx.nsx_object_functions.nsx_object_exporter: Skipping system/deleted service: TFTP
2026-09-15T17:41:01 UTC [INFO] nsx.nsx_object_functions.nsx_object_exporter: Skipping system/deleted service: Terminal_Services_(TCP)
2026-09-15T17:41:01 UTC [INFO] nsx.nsx_object_functions.nsx_object_exporter: Skipping system/deleted service: Terminal_Services_(UDP)
2026-09-15T17:41:01 UTC [INFO] nsx.nsx_object_functions.nsx_object_exporter: Skipping system/deleted service: Update_Manager
2026-09-15T17:41:01 UTC [INFO] nsx.nsx_object_functions.nsx_object_exporter: Skipping system/deleted service: VMware_Consolidated_Backup
2026-09-15T17:41:01 UTC [INFO] nsx.nsx_object_functions.nsx_object_exporter: Skipping system/deleted service: VMware_ESXi_Dump_Collector
2026-09-15T17:41:01 UTC [INFO] nsx.nsx_object_functions.nsx_object_exporter: Skipping system/deleted service: VMware_VMotion
2026-09-15T17:41:01 UTC [INFO] nsx.nsx_object_functions.nsx_object_exporter: Skipping system/deleted service: VMware-CIMSLP
2026-09-15T17:41:01 UTC [INFO] nsx.nsx_object_functions.nsx_object_exporter: Skipping system/deleted service: VMware-DVS
2026-09-15T17:41:01 UTC [INFO] nsx.nsx_object_functions.nsx_object_exporter: Skipping system/deleted service: VMware-DataRecovery
2026-09-15T17:41:01 UTC [INFO] nsx.nsx_object_functions.nsx_object_exporter: Skipping system/deleted service: VMware-ESXi5.x-TCP
2026-09-15T17:41:01 UTC [INFO] nsx.nsx_object_functions.nsx_object_exporter: Skipping system/deleted service: VMware-ESXi5.x-UDP
2026-09-15T17:41:01 UTC [INFO] nsx.nsx_object_functions.nsx_object_exporter: Skipping system/deleted service: VMware-HA-TCP
2026-09-15T17:41:01 UTC [INFO] nsx.nsx_object_functions.nsx_object_exporter: Skipping system/deleted service: VMware-HA-UDP
2026-09-15T17:41:01 UTC [INFO] nsx.nsx_object_functions.nsx_object_exporter: Skipping system/deleted service: VMware-SPS
2026-09-15T17:41:01 UTC [INFO] nsx.nsx_object_functions.nsx_object_exporter: Skipping system/deleted service: VMware-SRM-H5-UI
2026-09-15T17:41:01 UTC [INFO] nsx.nsx_object_functions.nsx_object_exporter: Skipping system/deleted service: VMware-SRM-HTTP
2026-09-15T17:41:01 UTC [INFO] nsx.nsx_object_functions.nsx_object_exporter: Skipping system/deleted service: VMware-SRM-Replication
2026-09-15T17:41:01 UTC [INFO] nsx.nsx_object_functions.nsx_object_exporter: Skipping system/deleted service: VMware-SRM-SOAP
2026-09-15T17:41:01 UTC [INFO] nsx.nsx_object_functions.nsx_object_exporter: Skipping system/deleted service: VMware-SRM-Server-Management
2026-09-15T17:41:01 UTC [INFO] nsx.nsx_object_functions.nsx_object_exporter: Skipping system/deleted service: VMware-SRM-UI
2026-09-15T17:41:01 UTC [INFO] nsx.nsx_object_functions.nsx_object_exporter: Skipping system/deleted service: VMware-SRM-VAMI
2026-09-15T17:41:01 UTC [INFO] nsx.nsx_object_functions.nsx_object_exporter: Skipping system/deleted service: VMware-SRM-vCentreServer
2026-09-15T17:41:01 UTC [INFO] nsx.nsx_object_functions.nsx_object_exporter: Skipping system/deleted service: VMware-SRM-vSphereReplication
2026-09-15T17:41:01 UTC [INFO] nsx.nsx_object_functions.nsx_object_exporter: Skipping system/deleted service: VMware-SRMClient-Server
2026-09-15T17:41:01 UTC [INFO] nsx.nsx_object_functions.nsx_object_exporter: Skipping system/deleted service: VMware-UpdateMgr
2026-09-15T17:41:01 UTC [INFO] nsx.nsx_object_functions.nsx_object_exporter: Skipping system/deleted service: VMware-UpdateMgr-Patching
2026-09-15T17:41:01 UTC [INFO] nsx.nsx_object_functions.nsx_object_exporter: Skipping system/deleted service: VMware-UpdateMgr-SOAP
2026-09-15T17:41:01 UTC [INFO] nsx.nsx_object_functions.nsx_object_exporter: Skipping system/deleted service: VMware-UpdateMgr-VUM
2026-09-15T17:41:01 UTC [INFO] nsx.nsx_object_functions.nsx_object_exporter: Skipping system/deleted service: VMware-VC-DPM
2026-09-15T17:41:01 UTC [INFO] nsx.nsx_object_functions.nsx_object_exporter: Skipping system/deleted service: VMware-VC-DumpCollector-TCP
2026-09-15T17:41:01 UTC [INFO] nsx.nsx_object_functions.nsx_object_exporter: Skipping system/deleted service: VMware-VC-DumpSvr
2026-09-15T17:41:01 UTC [INFO] nsx.nsx_object_functions.nsx_object_exporter: Skipping system/deleted service: VMware-VC-ESXi
2026-09-15T17:41:01 UTC [INFO] nsx.nsx_object_functions.nsx_object_exporter: Skipping system/deleted service: VMware-VC-RemoteConsole
2026-09-15T17:41:01 UTC [INFO] nsx.nsx_object_functions.nsx_object_exporter: Skipping system/deleted service: VMware-VC-Syslog
2026-09-15T17:41:01 UTC [INFO] nsx.nsx_object_functions.nsx_object_exporter: Skipping system/deleted service: VMware-VCO-Command
2026-09-15T17:41:01 UTC [INFO] nsx.nsx_object_functions.nsx_object_exporter: Skipping system/deleted service: VMware-VCO-Data
2026-09-15T17:41:01 UTC [INFO] nsx.nsx_object_functions.nsx_object_exporter: Skipping system/deleted service: VMware-VCO-Messaging
2026-09-15T17:41:01 UTC [INFO] nsx.nsx_object_functions.nsx_object_exporter: Skipping system/deleted service: VMware-VCO-VCO-HTTPS
2026-09-15T17:41:01 UTC [INFO] nsx.nsx_object_functions.nsx_object_exporter: Skipping system/deleted service: VMware-VCO-WebHTTP
2026-09-15T17:41:01 UTC [INFO] nsx.nsx_object_functions.nsx_object_exporter: Skipping system/deleted service: VMware-VCO-WebHTTPS
2026-09-15T17:41:01 UTC [INFO] nsx.nsx_object_functions.nsx_object_exporter: Skipping system/deleted service: VMware-VCOMgr-UI
2026-09-15T17:41:01 UTC [INFO] nsx.nsx_object_functions.nsx_object_exporter: Skipping system/deleted service: VMware-VCOStdAln-Heartbeat
2026-09-15T17:41:01 UTC [INFO] nsx.nsx_object_functions.nsx_object_exporter: Skipping system/deleted service: VMware-VDM2.x-Ephemeral
2026-09-15T17:41:01 UTC [INFO] nsx.nsx_object_functions.nsx_object_exporter: Skipping system/deleted service: VMware-VDM2.x-RGS
2026-09-15T17:41:01 UTC [INFO] nsx.nsx_object_functions.nsx_object_exporter: Skipping system/deleted service: VMware-VR-Replication-Traffic
2026-09-15T17:41:01 UTC [INFO] nsx.nsx_object_functions.nsx_object_exporter: Skipping system/deleted service: VMware-VR-Server-Management-Traffic
2026-09-15T17:41:01 UTC [INFO] nsx.nsx_object_functions.nsx_object_exporter: Skipping system/deleted service: VMware-View-PCoIP
2026-09-15T17:41:01 UTC [INFO] nsx.nsx_object_functions.nsx_object_exporter: Skipping system/deleted service: VMware-View5.x-JMS
2026-09-15T17:41:01 UTC [INFO] nsx.nsx_object_functions.nsx_object_exporter: Skipping system/deleted service: VMware-View5.x-PCoIP-UDP
2026-09-15T17:41:01 UTC [INFO] nsx.nsx_object_functions.nsx_object_exporter: Skipping system/deleted service: VMware-iSCSI-Server
2026-09-15T17:41:01 UTC [INFO] nsx.nsx_object_functions.nsx_object_exporter: Skipping system/deleted service: View_5.x
2026-09-15T17:41:01 UTC [INFO] nsx.nsx_object_functions.nsx_object_exporter: Skipping system/deleted service: Vmware_View-VDM2.x
2026-09-15T17:41:01 UTC [INFO] nsx.nsx_object_functions.nsx_object_exporter: Skipping system/deleted service: Vmware-FT-TCP
2026-09-15T17:41:01 UTC [INFO] nsx.nsx_object_functions.nsx_object_exporter: Skipping system/deleted service: Vmware-FT-UDP
2026-09-15T17:41:01 UTC [INFO] nsx.nsx_object_functions.nsx_object_exporter: Skipping system/deleted service: Vmware-Heartbeat-PrimarySecondary
2026-09-15T17:41:01 UTC [INFO] nsx.nsx_object_functions.nsx_object_exporter: Skipping system/deleted service: Vmware-SRM-WSDL-vCentreServer
2026-09-15T17:41:01 UTC [INFO] nsx.nsx_object_functions.nsx_object_exporter: Skipping system/deleted service: Vmware-UpdateMgr-update
2026-09-15T17:41:01 UTC [INFO] nsx.nsx_object_functions.nsx_object_exporter: Skipping system/deleted service: Vmware-VC-HTTP
2026-09-15T17:41:01 UTC [INFO] nsx.nsx_object_functions.nsx_object_exporter: Skipping system/deleted service: Vmware-VC-VC-Internal
2026-09-15T17:41:01 UTC [INFO] nsx.nsx_object_functions.nsx_object_exporter: Skipping system/deleted service: Vmware-VC-WebAccess
2026-09-15T17:41:01 UTC [INFO] nsx.nsx_object_functions.nsx_object_exporter: Skipping system/deleted service: Vmware-VCHeartbeat
2026-09-15T17:41:01 UTC [INFO] nsx.nsx_object_functions.nsx_object_exporter: Skipping system/deleted service: Vmware-VCO-Lookup
2026-09-15T17:41:01 UTC [INFO] nsx.nsx_object_functions.nsx_object_exporter: Skipping system/deleted service: Vmware-VCO-VCO-HTTP
2026-09-15T17:41:01 UTC [INFO] nsx.nsx_object_functions.nsx_object_exporter: Skipping system/deleted service: Vmware-VCOStdAln-Remote
2026-09-15T17:41:01 UTC [INFO] nsx.nsx_object_functions.nsx_object_exporter: Skipping system/deleted service: Vmware-VDM2.x-AJP
2026-09-15T17:41:01 UTC [INFO] nsx.nsx_object_functions.nsx_object_exporter: Skipping system/deleted service: Vmware-VDM2.x-JMS
2026-09-15T17:41:01 UTC [INFO] nsx.nsx_object_functions.nsx_object_exporter: Skipping system/deleted service: WINS
2026-09-15T17:41:01 UTC [INFO] nsx.nsx_object_functions.nsx_object_exporter: Skipping system/deleted service: WINS-UDP
2026-09-15T17:41:01 UTC [INFO] nsx.nsx_object_functions.nsx_object_exporter: Skipping system/deleted service: Win_-_RPC,_DCOM,_EPM,_DRSUAPI,_NetLogonR,_SamR,_FRS_-_TCP
2026-09-15T17:41:01 UTC [INFO] nsx.nsx_object_functions.nsx_object_exporter: Skipping system/deleted service: Win_-_RPC,_DCOM,_EPM,_DRSUAPI,_NetLogonR,_SamR,_FRS_-_UDP
2026-09-15T17:41:01 UTC [INFO] nsx.nsx_object_functions.nsx_object_exporter: Skipping system/deleted service: Win_2003_-_RPC,_DCOM,_EPM,_DRSUAPI,_NetLogonR,_SamR,_FRS
2026-09-15T17:41:01 UTC [INFO] nsx.nsx_object_functions.nsx_object_exporter: Skipping system/deleted service: Win_2008_-_RPC,_DCOM,_EPM,_DRSUAPI,_NetLogonR,_SamR,_FRS
2026-09-15T17:41:01 UTC [INFO] nsx.nsx_object_functions.nsx_object_exporter: Skipping system/deleted service: Windows-Global-Catalog
2026-09-15T17:41:01 UTC [INFO] nsx.nsx_object_functions.nsx_object_exporter: Skipping system/deleted service: Windows-Global-Catalog-over-SSL
2026-09-15T17:41:01 UTC [INFO] nsx.nsx_object_functions.nsx_object_exporter: Skipping system/deleted service: Yahoo_Messenger_(TCP)
2026-09-15T17:41:01 UTC [INFO] nsx.nsx_object_functions.nsx_object_exporter: Skipping system/deleted service: Yahoo_Messenger_(UDP)
2026-09-15T17:41:01 UTC [INFO] nsx.nsx_object_functions.nsx_object_exporter: Skipping system/deleted service: iSQLPlus_10g
2026-09-15T17:41:01 UTC [INFO] nsx.nsx_object_functions.nsx_object_exporter: Skipping system/deleted service: iSQLPlus_10g_(5580)
2026-09-15T17:41:01 UTC [INFO] nsx.nsx_object_functions.nsx_object_exporter: Skipping system/deleted service: vCenter5.x_V1
2026-09-15T17:41:01 UTC [INFO] nsx.nsx_object_functions.nsx_object_exporter: Skipping system/deleted service: vCentre_Operations_Manager_(Standalone)_5.x
2026-09-15T17:41:01 UTC [INFO] nsx.nsx_object_functions.nsx_object_exporter: Skipping system/deleted service: vCentre_Operations_Manager_(vApp)_5.x
2026-09-15T17:41:01 UTC [INFO] nsx.nsx_object_functions.nsx_object_exporter: Skipping system/deleted service: vCentre_Operations_Standard_1.x
2026-09-15T17:41:02 UTC [INFO] __main__: GET /global-manager/api/v1/global-infra/domains/nsx-lm2.lab.local/security-policies
2026-09-15T17:41:02 UTC [INFO] __main__: Export complete.
2026-09-15T17:41:02 UTC [INFO] __main__: Stats: {'default': {'groups': 13, 'services': 4, 'policies': 3, 'skipped_groups_system': 0, 'skipped_services_system': 409, 'skipped_policies_system': 0, 'skipped_rules_system': 0}, 'nsx-lm1.lab.local': {'groups': 0, 'services': 4, 'policies': 0, 'skipped_groups_system': 0, 'skipped_services_system': 409, 'skipped_policies_system': 0, 'skipped_rules_system': 0}, 'nsx-lm2.lab.local': {'groups': 0, 'services': 4, 'policies': 0, 'skipped_groups_system': 0, 'skipped_services_system': 409, 'skipped_policies_system': 0, 'skipped_rules_system': 0}}
2026-09-15T17:41:02 UTC [INFO] __main__: Counts: {'default': {'services_total': 4, 'groups_total': 13, 'policies_total': 3, 'rules_total': 13}, 'nsx-lm1.lab.local': {'services_total': 4, 'groups_total': 0, 'policies_total': 0, 'rules_total': 0}, 'nsx-lm2.lab.local': {'services_total': 4, 'groups_total': 0, 'policies_total': 0, 'rules_total': 0}}

